Timestamp,Open,High,Low,Close,Volume
2026-06-23T15:30:00.0000000Z,0.8934,0.8934,0.8934,0.8934,0
2026-06-23T15:31:00.0000000Z,0.8934,0.8934,0.8934,0.8934,0
2026-06-23T15:32:00.0000000Z,0.8934,0.8934,0.8934,0.8934,0
2026-06-23T15:33:00.0000000Z,0.8934,0.8934,0.8934,0.8934,0
2026-06-23T15:34:00.0000000Z,0.8934,0.8934,0.8934,0.8934,0
2026-06-23T15:35:00.0000000Z,0.8934,0.8934,0.8934,0.8934,0
2026-06-23T15:36:00.0000000Z,0.8934,0.8934,0.8934,0.8934,0
2026-06-23T15:37:00.0000000Z,0.8934,0.8934,0.8934,0.8934,0
2026-06-23T15:38:00.0000000Z,0.8934,0.8934,0.8934,0.8934,0
2026-06-23T15:39:00.0000000Z,0.8934,0.8934,0.8934,0.8934,0
2026-06-23T15:40:00.0000000Z,0.8934,0.8934,0.8934,0.8934,0
2026-06-23T15:41:00.0000000Z,0.91,0.91,0.91,0.91,11
2026-06-23T15:42:00.0000000Z,0.91,0.91,0.91,0.91,0
2026-06-23T15:43:00.0000000Z,0.91,0.91,0.91,0.91,0
2026-06-23T15:44:00.0000000Z,0.91,0.91,0.91,0.91,0
2026-06-23T15:45:00.0000000Z,0.91,0.91,0.91,0.91,0
2026-06-23T15:46:00.0000000Z,0.91,0.91,0.91,0.91,0
2026-06-23T15:47:00.0000000Z,0.91,0.91,0.91,0.91,0
2026-06-23T15:48:00.0000000Z,0.91,0.91,0.91,0.91,0
2026-06-23T15:49:00.0000000Z,0.91,0.91,0.91,0.91,0
2026-06-23T15:50:00.0000000Z,0.9101,0.9101,0.9101,0.9101,1
2026-06-23T15:51:00.0000000Z,0.9101,0.9101,0.9101,0.9101,0
2026-06-23T15:52:00.0000000Z,0.9101,0.9101,0.9101,0.9101,0
2026-06-23T15:53:00.0000000Z,0.9101,0.9101,0.9101,0.9101,0
2026-06-23T15:54:00.0000000Z,0.9101,0.9101,0.9101,0.9101,0
2026-06-23T15:55:00.0000000Z,0.9101,0.9101,0.9101,0.9101,0
2026-06-23T15:56:00.0000000Z,0.9101,0.9101,0.9101,0.9101,0
2026-06-23T15:57:00.0000000Z,0.9101,0.9101,0.9101,0.9101,0
2026-06-23T15:58:00.0000000Z,0.9101,0.9101,0.9101,0.9101,0
2026-06-23T15:59:00.0000000Z,0.9101,0.9101,0.9101,0.9101,0
2026-06-23T16:00:00.0000000Z,0.9101,0.9101,0.9101,0.9101,0
2026-06-23T16:01:00.0000000Z,0.9101,0.9101,0.9101,0.9101,0
2026-06-23T16:02:00.0000000Z,0.9101,0.9101,0.9101,0.9101,0
2026-06-23T16:03:00.0000000Z,0.9101,0.9101,0.9101,0.9101,0
2026-06-23T16:04:00.0000000Z,0.9101,0.9101,0.9101,0.9101,0
2026-06-23T16:05:00.0000000Z,0.9101,0.9101,0.9101,0.9101,0
2026-06-23T16:06:00.0000000Z,0.9101,0.9101,0.9101,0.9101,0
2026-06-23T16:07:00.0000000Z,0.9101,0.9101,0.9101,0.9101,0
2026-06-23T16:08:00.0000000Z,0.9101,0.9101,0.9101,0.9101,0
2026-06-23T16:09:00.0000000Z,0.9589,0.9589,0.9561,0.9587,4
2026-06-23T16:10:00.0000000Z,0.9587,0.9587,0.9587,0.9587,0
2026-06-23T16:11:00.0000000Z,0.9587,0.9587,0.9587,0.9587,0
2026-06-23T16:12:00.0000000Z,0.9587,0.9587,0.9587,0.9587,0
2026-06-23T16:13:00.0000000Z,0.9587,0.9587,0.9587,0.9587,0
2026-06-23T16:14:00.0000000Z,0.9587,0.9587,0.9587,0.9587,0
2026-06-23T16:15:00.0000000Z,0.9587,0.9587,0.9587,0.9587,0
2026-06-23T16:16:00.0000000Z,0.9587,0.9587,0.9587,0.9587,0
2026-06-23T16:17:00.0000000Z,0.9587,0.9587,0.9587,0.9587,0
2026-06-23T16:18:00.0000000Z,0.9587,0.9587,0.9587,0.9587,0
2026-06-23T16:19:00.0000000Z,0.9587,0.9587,0.9587,0.9587,0
2026-06-23T16:20:00.0000000Z,0.9587,0.9587,0.9587,0.9587,0
2026-06-23T16:21:00.0000000Z,0.9587,0.9587,0.9587,0.9587,0
2026-06-23T16:22:00.0000000Z,0.9587,0.9587,0.9587,0.9587,0
2026-06-23T16:23:00.0000000Z,0.9587,0.9587,0.9587,0.9587,0
2026-06-23T16:24:00.0000000Z,0.9587,0.9587,0.9587,0.9587,0
2026-06-23T16:25:00.0000000Z,0.9587,0.9587,0.9587,0.9587,0
2026-06-23T16:26:00.0000000Z,0.9587,0.9587,0.9587,0.9587,0
2026-06-23T16:27:00.0000000Z,0.9587,0.9587,0.9587,0.9587,0
2026-06-23T16:28:00.0000000Z,0.9587,0.9587,0.9587,0.9587,0
2026-06-23T16:29:00.0000000Z,0.9587,0.9587,0.9587,0.9587,0
2026-06-23T16:30:00.0000000Z,0.9587,0.9587,0.9587,0.9587,0
2026-06-23T16:31:00.0000000Z,0.9587,0.9587,0.9587,0.9587,0
2026-06-23T16:32:00.0000000Z,0.9587,0.9587,0.9587,0.9587,0
2026-06-23T16:33:00.0000000Z,0.9587,0.9587,0.9587,0.9587,0
2026-06-23T16:34:00.0000000Z,0.9587,0.9587,0.9587,0.9587,0
2026-06-23T16:35:00.0000000Z,0.9587,0.9587,0.9587,0.9587,0
2026-06-23T16:36:00.0000000Z,0.9587,0.9587,0.9587,0.9587,0
2026-06-23T16:37:00.0000000Z,0.9587,0.9587,0.9587,0.9587,0
2026-06-23T16:38:00.0000000Z,0.9587,0.9587,0.9587,0.9587,0
2026-06-23T16:39:00.0000000Z,0.9587,0.9587,0.9587,0.9587,0
2026-06-23T16:40:00.0000000Z,0.9587,0.9587,0.9587,0.9587,0
2026-06-23T16:41:00.0000000Z,0.9587,0.9587,0.9587,0.9587,0
2026-06-23T16:42:00.0000000Z,0.9587,0.9587,0.9587,0.9587,0
2026-06-23T16:43:00.0000000Z,0.9587,0.9587,0.9587,0.9587,0
2026-06-23T16:44:00.0000000Z,0.9587,0.9587,0.9587,0.9587,0
2026-06-23T16:45:00.0000000Z,0.9587,0.9587,0.9587,0.9587,0
2026-06-23T16:46:00.0000000Z,0.9587,0.9587,0.9587,0.9587,0
2026-06-23T16:47:00.0000000Z,0.9587,0.9587,0.9587,0.9587,0
2026-06-23T16:48:00.0000000Z,0.9587,0.9587,0.9587,0.9587,0
2026-06-23T16:49:00.0000000Z,0.9587,0.9587,0.9587,0.9587,0
2026-06-23T16:50:00.0000000Z,0.9587,0.9587,0.9587,0.9587,0
2026-06-23T16:51:00.0000000Z,0.9587,0.9587,0.9587,0.9587,0
2026-06-23T16:52:00.0000000Z,0.9587,0.9587,0.9587,0.9587,0
2026-06-23T16:53:00.0000000Z,0.9587,0.9587,0.9587,0.9587,0
2026-06-23T16:54:00.0000000Z,0.9587,0.9587,0.9587,0.9587,0
2026-06-23T16:55:00.0000000Z,0.9587,0.9587,0.9587,0.9587,0
2026-06-23T16:56:00.0000000Z,0.9587,0.9587,0.9587,0.9587,0
2026-06-23T16:57:00.0000000Z,0.9587,0.9587,0.9587,0.9587,0
2026-06-23T16:58:00.0000000Z,0.9587,0.9587,0.9587,0.9587,0
2026-06-23T16:59:00.0000000Z,0.9587,0.9587,0.9587,0.9587,0
2026-06-23T17:00:00.0000000Z,0.9587,0.9587,0.9587,0.9587,0
2026-06-23T17:01:00.0000000Z,0.9587,0.9587,0.9587,0.9587,0
2026-06-23T17:02:00.0000000Z,0.9587,0.9587,0.9587,0.9587,0
2026-06-23T17:03:00.0000000Z,0.9587,0.9587,0.9587,0.9587,0
2026-06-23T17:04:00.0000000Z,0.9587,0.9587,0.9587,0.9587,0
2026-06-23T17:05:00.0000000Z,0.9587,0.9587,0.9587,0.9587,0
2026-06-23T17:06:00.0000000Z,0.9587,0.9587,0.9587,0.9587,0
2026-06-23T17:07:00.0000000Z,0.9587,0.9587,0.9587,0.9587,0
2026-06-23T17:08:00.0000000Z,0.9587,0.9587,0.9587,0.9587,0
2026-06-23T17:09:00.0000000Z,0.9587,0.9587,0.9587,0.9587,0
2026-06-23T17:10:00.0000000Z,0.9587,0.9587,0.9587,0.9587,0
2026-06-23T17:11:00.0000000Z,0.9587,0.9587,0.9587,0.9587,0
2026-06-23T17:12:00.0000000Z,0.9587,0.9587,0.9587,0.9587,0
2026-06-23T17:13:00.0000000Z,0.9587,0.9587,0.9587,0.9587,0
2026-06-23T17:14:00.0000000Z,0.9587,0.9587,0.9587,0.9587,0
2026-06-23T17:15:00.0000000Z,0.9587,0.9587,0.9587,0.9587,0
2026-06-23T17:16:00.0000000Z,0.9587,0.9587,0.9587,0.9587,0
2026-06-23T17:17:00.0000000Z,0.9587,0.9587,0.9587,0.9587,0
2026-06-23T17:18:00.0000000Z,0.9587,0.9587,0.9587,0.9587,0
2026-06-23T17:19:00.0000000Z,0.9587,0.9587,0.9587,0.9587,0
2026-06-23T17:20:00.0000000Z,0.9587,0.9587,0.9587,0.9587,0
2026-06-23T17:21:00.0000000Z,0.9587,0.9587,0.9587,0.9587,0
2026-06-23T17:22:00.0000000Z,0.9587,0.9587,0.9587,0.9587,0
2026-06-23T17:23:00.0000000Z,0.9587,0.9587,0.9587,0.9587,0
2026-06-23T17:24:00.0000000Z,0.9587,0.9587,0.9587,0.9587,0
2026-06-23T17:25:00.0000000Z,0.9587,0.9587,0.9587,0.9587,0
2026-06-23T17:26:00.0000000Z,0.9587,0.9587,0.9587,0.9587,0
2026-06-23T17:27:00.0000000Z,0.9587,0.9587,0.9587,0.9587,0
2026-06-23T17:28:00.0000000Z,0.9587,0.9587,0.9587,0.9587,0
2026-06-23T17:29:00.0000000Z,0.9587,0.9587,0.9587,0.9587,0
2026-06-23T17:30:00.0000000Z,0.9587,0.9587,0.9587,0.9587,0
2026-06-23T17:31:00.0000000Z,0.9587,0.9587,0.9587,0.9587,0
2026-06-23T17:32:00.0000000Z,0.9587,0.9587,0.9587,0.9587,0
2026-06-23T17:33:00.0000000Z,0.9587,0.9587,0.9587,0.9587,0
2026-06-23T17:34:00.0000000Z,0.9587,0.9587,0.9587,0.9587,0
2026-06-23T17:35:00.0000000Z,0.9587,0.9587,0.9587,0.9587,0
2026-06-23T17:36:00.0000000Z,0.9587,0.9587,0.9587,0.9587,0
2026-06-23T17:37:00.0000000Z,0.9587,0.9587,0.9587,0.9587,0
2026-06-23T17:38:00.0000000Z,0.9587,0.9587,0.9587,0.9587,0
2026-06-23T17:39:00.0000000Z,0.9587,0.9587,0.9587,0.9587,0
2026-06-23T17:40:00.0000000Z,0.9587,0.9587,0.9587,0.9587,0
2026-06-23T17:41:00.0000000Z,0.9587,0.9587,0.9587,0.9587,0
2026-06-23T17:42:00.0000000Z,0.9587,0.9587,0.9587,0.9587,0
2026-06-23T17:43:00.0000000Z,0.9587,0.9587,0.9587,0.9587,0
2026-06-23T17:44:00.0000000Z,0.9587,0.9587,0.9587,0.9587,0
2026-06-23T17:45:00.0000000Z,0.9587,0.9587,0.9587,0.9587,0
2026-06-23T17:46:00.0000000Z,0.9587,0.9587,0.9587,0.9587,0
2026-06-23T17:47:00.0000000Z,0.9587,0.9587,0.9587,0.9587,0
2026-06-23T17:48:00.0000000Z,0.9587,0.9587,0.9587,0.9587,0
2026-06-23T17:49:00.0000000Z,0.9587,0.9587,0.9587,0.9587,0
2026-06-23T17:50:00.0000000Z,0.9587,0.9587,0.9587,0.9587,0
2026-06-23T17:51:00.0000000Z,0.9587,0.9587,0.9587,0.9587,0
2026-06-23T17:52:00.0000000Z,0.9587,0.9587,0.9587,0.9587,0
2026-06-23T17:53:00.0000000Z,0.9587,0.9587,0.9587,0.9587,0
2026-06-23T17:54:00.0000000Z,0.9587,0.9587,0.9587,0.9587,0
2026-06-23T17:55:00.0000000Z,0.9587,0.9587,0.9587,0.9587,0
2026-06-23T17:56:00.0000000Z,0.9587,0.9587,0.9587,0.9587,0
2026-06-23T17:57:00.0000000Z,0.9587,0.9587,0.9587,0.9587,0
2026-06-23T17:58:00.0000000Z,0.9587,0.9587,0.9587,0.9587,0
2026-06-23T17:59:00.0000000Z,0.9587,0.9587,0.9587,0.9587,0
2026-06-23T18:00:00.0000000Z,0.9587,0.9587,0.9587,0.9587,0
2026-06-23T18:01:00.0000000Z,0.9587,0.9587,0.9587,0.9587,0
2026-06-23T18:02:00.0000000Z,0.9587,0.9587,0.9587,0.9587,0
2026-06-23T18:03:00.0000000Z,0.9587,0.9587,0.9587,0.9587,0
2026-06-23T18:04:00.0000000Z,0.9587,0.9587,0.9587,0.9587,0
2026-06-23T18:05:00.0000000Z,0.956,0.956,0.9101,0.9101,6
2026-06-23T18:06:00.0000000Z,0.9101,0.9101,0.9101,0.9101,0
2026-06-23T18:07:00.0000000Z,0.9101,0.9101,0.9101,0.9101,0
2026-06-23T18:08:00.0000000Z,0.9101,0.9101,0.9101,0.9101,0
2026-06-23T18:09:00.0000000Z,0.9101,0.9101,0.9101,0.9101,0
2026-06-23T18:10:00.0000000Z,0.9101,0.9101,0.9101,0.9101,0
2026-06-23T18:11:00.0000000Z,0.9101,0.9101,0.9101,0.9101,0
2026-06-23T18:12:00.0000000Z,0.9101,0.9101,0.9101,0.9101,0
2026-06-23T18:13:00.0000000Z,0.9101,0.9101,0.9101,0.9101,0
2026-06-23T18:14:00.0000000Z,0.9101,0.9101,0.9101,0.9101,0
2026-06-23T18:15:00.0000000Z,0.9101,0.9101,0.9101,0.9101,0
2026-06-23T18:16:00.0000000Z,0.9101,0.9101,0.9101,0.9101,0
2026-06-23T18:17:00.0000000Z,0.9101,0.9101,0.9101,0.9101,0
2026-06-23T18:18:00.0000000Z,0.9101,0.9101,0.9101,0.9101,0
2026-06-23T18:19:00.0000000Z,0.9101,0.9101,0.9101,0.9101,0
2026-06-23T18:20:00.0000000Z,0.9101,0.9101,0.9101,0.9101,0
2026-06-23T18:21:00.0000000Z,0.9101,0.9101,0.9101,0.9101,0
2026-06-23T18:22:00.0000000Z,0.9101,0.9101,0.9101,0.9101,0
2026-06-23T18:23:00.0000000Z,0.9101,0.9101,0.9101,0.9101,0
2026-06-23T18:24:00.0000000Z,0.9101,0.9101,0.9101,0.9101,0
2026-06-23T18:25:00.0000000Z,0.9101,0.9101,0.9101,0.9101,0
2026-06-23T18:26:00.0000000Z,0.9101,0.9101,0.9101,0.9101,0
2026-06-23T18:27:00.0000000Z,0.9101,0.9101,0.9101,0.9101,0
2026-06-23T18:28:00.0000000Z,0.9101,0.9101,0.9101,0.9101,0
2026-06-23T18:29:00.0000000Z,0.9101,0.9101,0.9101,0.9101,0
2026-06-23T18:30:00.0000000Z,0.9101,0.9101,0.9101,0.9101,0
2026-06-23T18:31:00.0000000Z,0.9101,0.9101,0.9101,0.9101,0
2026-06-23T18:32:00.0000000Z,0.9101,0.9101,0.9101,0.9101,0
2026-06-23T18:33:00.0000000Z,0.9101,0.9101,0.9101,0.9101,0
2026-06-23T18:34:00.0000000Z,0.9101,0.9101,0.9101,0.9101,0
2026-06-23T18:35:00.0000000Z,0.9101,0.9101,0.9101,0.9101,0
2026-06-23T18:36:00.0000000Z,0.9101,0.9101,0.9101,0.9101,0
2026-06-23T18:37:00.0000000Z,0.9101,0.9101,0.9101,0.9101,0
2026-06-23T18:38:00.0000000Z,0.9101,0.9101,0.9101,0.9101,0
2026-06-23T18:39:00.0000000Z,0.9101,0.9101,0.9101,0.9101,0
2026-06-23T18:40:00.0000000Z,0.9101,0.9101,0.9101,0.9101,0
2026-06-23T18:41:00.0000000Z,0.9101,0.9101,0.9101,0.9101,0
2026-06-23T18:42:00.0000000Z,0.9101,0.9101,0.9101,0.9101,0
2026-06-23T18:43:00.0000000Z,0.9101,0.9101,0.9101,0.9101,0
2026-06-23T18:44:00.0000000Z,0.9101,0.9101,0.9101,0.9101,0
2026-06-23T18:45:00.0000000Z,0.9101,0.9101,0.9101,0.9101,0
2026-06-23T18:46:00.0000000Z,0.9101,0.9101,0.9101,0.9101,0
2026-06-23T18:47:00.0000000Z,0.9101,0.9101,0.9101,0.9101,0
2026-06-23T18:48:00.0000000Z,0.916,0.931,0.91,0.91,19
2026-06-23T18:49:00.0000000Z,0.91,0.91,0.91,0.91,0
2026-06-23T18:50:00.0000000Z,0.91,0.91,0.91,0.91,0
2026-06-23T18:51:00.0000000Z,0.91,0.91,0.91,0.91,0
2026-06-23T18:52:00.0000000Z,0.91,0.91,0.91,0.91,0
2026-06-23T18:53:00.0000000Z,0.91,0.91,0.91,0.91,0
2026-06-23T18:54:00.0000000Z,0.91,0.91,0.91,0.91,0
2026-06-23T18:55:00.0000000Z,0.91,0.91,0.91,0.91,0
2026-06-23T18:56:00.0000000Z,0.91,0.91,0.91,0.91,0
2026-06-23T18:57:00.0000000Z,0.91,0.91,0.91,0.91,0
2026-06-23T18:58:00.0000000Z,0.91,0.91,0.91,0.91,0
2026-06-23T18:59:00.0000000Z,0.91,0.91,0.91,0.91,0
2026-06-23T19:00:00.0000000Z,0.91,0.91,0.91,0.91,0
2026-06-23T19:01:00.0000000Z,0.91,0.91,0.91,0.91,0
2026-06-23T19:02:00.0000000Z,0.91,0.91,0.91,0.91,0
2026-06-23T19:03:00.0000000Z,0.91,0.91,0.91,0.91,0
2026-06-23T19:04:00.0000000Z,0.91,0.91,0.91,0.91,0
2026-06-23T19:05:00.0000000Z,0.91,0.91,0.91,0.91,0
2026-06-23T19:06:00.0000000Z,0.91,0.91,0.91,0.91,0
2026-06-23T19:07:00.0000000Z,0.91,0.91,0.91,0.91,0
2026-06-23T19:08:00.0000000Z,0.91,0.91,0.91,0.91,0
2026-06-23T19:09:00.0000000Z,0.91,0.91,0.91,0.91,0
2026-06-23T19:10:00.0000000Z,0.91,0.91,0.91,0.91,0
2026-06-23T19:11:00.0000000Z,0.91,0.91,0.91,0.91,0
2026-06-23T19:12:00.0000000Z,0.91,0.91,0.91,0.91,0
2026-06-23T19:13:00.0000000Z,0.91,0.91,0.91,0.91,0
2026-06-23T19:14:00.0000000Z,0.91,0.91,0.91,0.91,0
2026-06-23T19:15:00.0000000Z,1.03,1.03,0.95,0.95,32
2026-06-23T19:16:00.0000000Z,0.99,0.99,0.99,0.99,1
2026-06-23T19:17:00.0000000Z,0.99,0.99,0.99,0.99,0
2026-06-23T19:18:00.0000000Z,0.99,0.99,0.99,0.99,0
2026-06-23T19:19:00.0000000Z,0.99,0.99,0.99,0.99,0
2026-06-23T19:20:00.0000000Z,0.99,0.99,0.99,0.99,0
2026-06-23T19:21:00.0000000Z,0.99,0.99,0.99,0.99,0
2026-06-23T19:22:00.0000000Z,0.99,0.99,0.99,0.99,0
2026-06-23T19:23:00.0000000Z,0.99,0.99,0.99,0.99,0
2026-06-23T19:24:00.0000000Z,0.99,0.99,0.99,0.99,0
2026-06-23T19:25:00.0000000Z,0.99,0.99,0.99,0.99,0
2026-06-23T19:26:00.0000000Z,0.99,0.99,0.99,0.99,0
2026-06-23T19:27:00.0000000Z,0.99,0.99,0.99,0.99,0
2026-06-23T19:28:00.0000000Z,0.99,0.99,0.99,0.99,0
2026-06-23T19:29:00.0000000Z,0.99,0.99,0.99,0.99,0
2026-06-23T19:30:00.0000000Z,0.99,0.99,0.99,0.99,0
2026-06-23T19:31:00.0000000Z,0.99,0.99,0.99,0.99,0
2026-06-23T19:32:00.0000000Z,0.99,0.99,0.99,0.99,0
2026-06-23T19:33:00.0000000Z,0.99,0.99,0.99,0.99,0
2026-06-23T19:34:00.0000000Z,0.99,0.99,0.99,0.99,0
2026-06-23T19:35:00.0000000Z,0.99,0.99,0.99,0.99,0
2026-06-23T19:36:00.0000000Z,0.99,0.99,0.99,0.99,0
2026-06-23T19:37:00.0000000Z,0.99,0.99,0.99,0.99,0
2026-06-23T19:38:00.0000000Z,0.99,0.99,0.99,0.99,0
2026-06-23T19:39:00.0000000Z,0.99,0.99,0.99,0.99,0
2026-06-23T19:40:00.0000000Z,0.99,0.99,0.99,0.99,0
2026-06-23T19:41:00.0000000Z,0.99,0.99,0.99,0.99,0
2026-06-23T19:42:00.0000000Z,0.99,0.99,0.99,0.99,0
2026-06-23T19:43:00.0000000Z,0.99,0.99,0.99,0.99,0
2026-06-23T19:44:00.0000000Z,0.99,0.99,0.99,0.99,0
2026-06-23T19:45:00.0000000Z,0.99,0.99,0.99,0.99,0
2026-06-23T19:46:00.0000000Z,0.99,0.99,0.99,0.99,0
2026-06-23T19:47:00.0000000Z,0.99,0.99,0.99,0.99,0
2026-06-23T19:48:00.0000000Z,0.99,0.99,0.99,0.99,0
2026-06-23T19:49:00.0000000Z,0.99,0.99,0.99,0.99,0
2026-06-23T19:50:00.0000000Z,0.99,0.99,0.99,0.99,0
2026-06-23T19:51:00.0000000Z,0.99,0.99,0.99,0.99,0
2026-06-23T19:52:00.0000000Z,0.99,0.99,0.99,0.99,0
2026-06-23T19:53:00.0000000Z,0.99,0.99,0.99,0.99,0
2026-06-23T19:54:00.0000000Z,0.99,0.99,0.99,0.99,0
2026-06-23T19:55:00.0000000Z,0.99,0.99,0.99,0.99,0
2026-06-23T19:56:00.0000000Z,0.99,0.99,0.99,0.99,0
2026-06-23T19:57:00.0000000Z,0.99,0.99,0.99,0.99,0
2026-06-23T19:58:00.0000000Z,0.99,0.99,0.99,0.99,0
2026-06-23T19:59:00.0000000Z,0.99,0.99,0.99,0.99,0
2026-06-23T20:00:00.0000000Z,0.99,0.99,0.99,0.99,0
2026-06-23T20:01:00.0000000Z,0.99,0.99,0.99,0.99,0
2026-06-23T20:02:00.0000000Z,0.99,0.99,0.99,0.99,0
2026-06-23T20:03:00.0000000Z,0.99,0.99,0.99,0.99,0
2026-06-23T20:04:00.0000000Z,0.99,0.99,0.99,0.99,0
2026-06-23T20:05:00.0000000Z,0.99,0.99,0.99,0.99,0
2026-06-23T20:06:00.0000000Z,0.99,0.99,0.99,0.99,0
2026-06-23T20:07:00.0000000Z,0.99,0.99,0.99,0.99,0
2026-06-23T20:08:00.0000000Z,0.99,0.99,0.99,0.99,0
2026-06-23T20:09:00.0000000Z,0.99,0.99,0.99,0.99,0
2026-06-23T20:10:00.0000000Z,0.9501,0.9501,0.9501,0.9501,1
2026-06-23T20:11:00.0000000Z,0.9501,0.9501,0.9501,0.9501,0
2026-06-23T20:12:00.0000000Z,0.9501,0.9501,0.9501,0.9501,0
2026-06-23T20:13:00.0000000Z,0.9501,0.9501,0.9501,0.9501,0
2026-06-23T20:14:00.0000000Z,0.9755,0.9755,0.9754,0.9755,1
2026-06-23T20:15:00.0000000Z,0.9755,0.9755,0.9755,0.9755,0
2026-06-23T20:16:00.0000000Z,0.9755,0.9755,0.9755,0.9755,0
2026-06-23T20:17:00.0000000Z,0.9755,0.9755,0.9755,0.9755,0
2026-06-23T20:18:00.0000000Z,0.9755,0.9755,0.9755,0.9755,0
2026-06-23T20:19:00.0000000Z,0.9755,0.9755,0.9755,0.9755,0
2026-06-23T20:20:00.0000000Z,0.9755,0.9755,0.9755,0.9755,0
2026-06-23T20:21:00.0000000Z,0.9755,0.9755,0.9755,0.9755,0
2026-06-23T20:22:00.0000000Z,0.9755,0.9755,0.9755,0.9755,0
2026-06-23T20:23:00.0000000Z,0.9755,0.9755,0.9755,0.9755,0
2026-06-23T20:24:00.0000000Z,0.9755,0.9755,0.9755,0.9755,0
2026-06-23T20:25:00.0000000Z,0.9755,0.9755,0.9755,0.9755,0
2026-06-23T20:26:00.0000000Z,0.9755,0.9755,0.9755,0.9755,0
2026-06-23T20:27:00.0000000Z,0.9755,0.9755,0.9755,0.9755,0
2026-06-23T20:28:00.0000000Z,0.9755,0.9755,0.9755,0.9755,0
2026-06-23T20:29:00.0000000Z,0.9755,0.9755,0.9755,0.9755,0
2026-06-23T20:30:00.0000000Z,0.9755,0.9755,0.9755,0.9755,0
2026-06-23T20:31:00.0000000Z,0.9755,0.9755,0.9755,0.9755,0
2026-06-23T20:32:00.0000000Z,0.9755,0.9755,0.9755,0.9755,0
2026-06-23T20:33:00.0000000Z,0.9755,0.9755,0.9755,0.9755,0
2026-06-23T20:34:00.0000000Z,0.9755,0.9755,0.9755,0.9755,0
2026-06-23T20:35:00.0000000Z,0.9755,0.9755,0.9755,0.9755,0
2026-06-23T20:36:00.0000000Z,0.9755,0.9755,0.9755,0.9755,0
2026-06-23T20:37:00.0000000Z,0.9755,0.9755,0.9755,0.9755,0
2026-06-23T20:38:00.0000000Z,0.9755,0.9755,0.9755,0.9755,0
2026-06-23T20:39:00.0000000Z,0.9755,0.9755,0.9755,0.9755,0
2026-06-23T20:40:00.0000000Z,0.9755,0.9755,0.9755,0.9755,0
2026-06-23T20:41:00.0000000Z,0.9755,0.9755,0.9755,0.9755,0
2026-06-23T20:42:00.0000000Z,0.9755,0.9755,0.9755,0.9755,0
2026-06-23T20:43:00.0000000Z,0.9755,0.9755,0.9755,0.9755,0
2026-06-23T20:44:00.0000000Z,0.9755,0.9755,0.9755,0.9755,0
2026-06-23T20:45:00.0000000Z,0.9755,0.9755,0.9755,0.9755,0
2026-06-23T20:46:00.0000000Z,0.9755,0.9755,0.9755,0.9755,0
2026-06-23T20:47:00.0000000Z,0.9755,0.9755,0.9755,0.9755,0
2026-06-23T20:48:00.0000000Z,0.9755,0.9755,0.9755,0.9755,0
2026-06-23T20:49:00.0000000Z,0.9755,0.9755,0.9755,0.9755,0
2026-06-23T20:50:00.0000000Z,0.9596,0.9596,0.9596,0.9596,1
2026-06-23T20:51:00.0000000Z,0.98,0.98,0.98,0.98,2
2026-06-23T20:52:00.0000000Z,0.98,0.98,0.98,0.98,0
2026-06-23T20:53:00.0000000Z,0.98,0.98,0.98,0.98,0
2026-06-23T20:54:00.0000000Z,0.98,0.98,0.98,0.98,0
2026-06-23T20:55:00.0000000Z,0.98,0.98,0.98,0.98,0
2026-06-23T20:56:00.0000000Z,0.98,0.98,0.98,0.98,0
2026-06-23T20:57:00.0000000Z,0.98,0.98,0.98,0.98,0
2026-06-23T20:58:00.0000000Z,0.98,0.98,0.98,0.98,0
2026-06-23T20:59:00.0000000Z,0.98,0.98,0.98,0.98,0
2026-06-23T21:00:00.0000000Z,0.98,0.98,0.98,0.98,0
2026-06-23T21:01:00.0000000Z,0.98,0.98,0.98,0.98,0
2026-06-23T21:02:00.0000000Z,0.98,0.98,0.98,0.98,0
2026-06-23T21:03:00.0000000Z,0.98,0.98,0.98,0.98,0
2026-06-23T21:04:00.0000000Z,0.98,0.98,0.98,0.98,0
2026-06-23T21:05:00.0000000Z,0.98,0.98,0.98,0.98,0
2026-06-23T21:06:00.0000000Z,0.98,0.98,0.98,0.98,0
2026-06-23T21:07:00.0000000Z,0.98,0.98,0.98,0.98,0
2026-06-23T21:08:00.0000000Z,0.98,0.98,0.98,0.98,0
2026-06-23T21:09:00.0000000Z,0.98,0.98,0.98,0.98,0
2026-06-23T21:10:00.0000000Z,0.98,0.98,0.98,0.98,0
2026-06-23T21:11:00.0000000Z,0.98,0.98,0.98,0.98,0
2026-06-23T21:12:00.0000000Z,0.98,0.98,0.98,0.98,3
2026-06-23T21:13:00.0000000Z,0.98,0.98,0.98,0.98,0
2026-06-23T21:14:00.0000000Z,0.98,0.98,0.98,0.98,0
2026-06-23T21:15:00.0000000Z,0.98,0.98,0.98,0.98,0
2026-06-23T21:16:00.0000000Z,0.98,0.98,0.98,0.98,0
2026-06-23T21:17:00.0000000Z,0.98,0.98,0.98,0.98,0
2026-06-23T21:18:00.0000000Z,0.98,0.98,0.98,0.98,0
2026-06-23T21:19:00.0000000Z,0.98,0.98,0.98,0.98,0
2026-06-23T21:20:00.0000000Z,0.98,0.98,0.98,0.98,0
2026-06-23T21:21:00.0000000Z,0.98,0.98,0.98,0.98,0
2026-06-23T21:22:00.0000000Z,0.98,0.98,0.98,0.98,0
2026-06-23T21:23:00.0000000Z,0.98,0.98,0.98,0.98,0
2026-06-23T21:24:00.0000000Z,0.98,0.98,0.98,0.98,0
2026-06-23T21:25:00.0000000Z,0.98,0.98,0.98,0.98,0
2026-06-23T21:26:00.0000000Z,0.98,0.98,0.98,0.98,0
2026-06-23T21:27:00.0000000Z,0.98,0.98,0.98,0.98,0
2026-06-23T21:28:00.0000000Z,0.98,0.98,0.98,0.98,0
2026-06-23T21:29:00.0000000Z,0.98,0.98,0.98,0.98,0
2026-06-23T21:30:00.0000000Z,0.98,0.98,0.98,0.98,0
2026-06-23T21:31:00.0000000Z,0.98,0.98,0.98,0.98,0
2026-06-23T21:32:00.0000000Z,0.98,0.98,0.98,0.98,0
2026-06-23T21:33:00.0000000Z,0.98,0.98,0.98,0.98,0
2026-06-23T21:34:00.0000000Z,0.98,0.98,0.98,0.98,0
2026-06-23T21:35:00.0000000Z,0.98,0.98,0.98,0.98,0
2026-06-23T21:36:00.0000000Z,0.98,0.98,0.98,0.98,0
2026-06-23T21:37:00.0000000Z,0.98,0.98,0.98,0.98,0
2026-06-23T21:38:00.0000000Z,0.98,0.98,0.98,0.98,0
2026-06-23T21:39:00.0000000Z,0.98,0.98,0.98,0.98,0
2026-06-23T21:40:00.0000000Z,0.98,0.98,0.98,0.98,0
2026-06-23T21:41:00.0000000Z,0.98,0.98,0.98,0.98,0
2026-06-23T21:42:00.0000000Z,0.98,0.98,0.98,0.98,0
2026-06-23T21:43:00.0000000Z,0.98,0.98,0.98,0.98,0
2026-06-23T21:44:00.0000000Z,0.98,0.98,0.98,0.98,0
2026-06-23T21:45:00.0000000Z,0.98,0.98,0.98,0.98,0
2026-06-23T21:46:00.0000000Z,0.98,0.98,0.98,0.98,0
2026-06-23T21:47:00.0000000Z,0.98,0.98,0.98,0.98,0
2026-06-23T21:48:00.0000000Z,0.98,0.98,0.98,0.98,0
2026-06-23T21:49:00.0000000Z,0.98,0.98,0.98,0.98,0
2026-06-23T21:50:00.0000000Z,0.98,0.98,0.98,0.98,0
2026-06-23T21:51:00.0000000Z,0.98,0.98,0.98,0.98,0
2026-06-23T21:52:00.0000000Z,0.98,0.98,0.98,0.98,0
2026-06-23T21:53:00.0000000Z,0.98,0.98,0.98,0.98,0
2026-06-23T21:54:00.0000000Z,0.98,0.98,0.98,0.98,0
2026-06-23T21:55:00.0000000Z,0.98,0.98,0.98,0.98,0
2026-06-23T21:56:00.0000000Z,0.98,0.98,0.98,0.98,0
2026-06-23T21:57:00.0000000Z,0.98,0.98,0.98,0.98,0
2026-06-23T21:58:00.0000000Z,0.98,0.98,0.98,0.98,0
2026-06-23T21:59:00.0000000Z,0.98,0.98,0.98,0.98,0
2026-06-24T15:30:00.0000000Z,0.9244,0.9244,0.9244,0.9244,1
2026-06-24T15:31:00.0000000Z,0.9244,0.9244,0.9244,0.9244,0
2026-06-24T15:32:00.0000000Z,0.9244,0.9244,0.9244,0.9244,0
2026-06-24T15:33:00.0000000Z,0.9244,0.9244,0.9244,0.9244,0
2026-06-24T15:34:00.0000000Z,0.9244,0.9244,0.9244,0.9244,0
2026-06-24T15:35:00.0000000Z,0.9244,0.9244,0.9244,0.9244,0
2026-06-24T15:36:00.0000000Z,0.9244,0.9244,0.9244,0.9244,0
2026-06-24T15:37:00.0000000Z,0.9244,0.9244,0.9244,0.9244,0
2026-06-24T15:38:00.0000000Z,0.9244,0.9244,0.9244,0.9244,0
2026-06-24T15:39:00.0000000Z,0.9244,0.9244,0.9244,0.9244,0
2026-06-24T15:40:00.0000000Z,0.9244,0.9244,0.9244,0.9244,0
2026-06-24T15:41:00.0000000Z,0.9244,0.9244,0.9244,0.9244,0
2026-06-24T15:42:00.0000000Z,0.9244,0.9244,0.9244,0.9244,0
2026-06-24T15:43:00.0000000Z,0.9244,0.9244,0.9244,0.9244,0
2026-06-24T15:44:00.0000000Z,0.9244,0.9244,0.9244,0.9244,0
2026-06-24T15:45:00.0000000Z,0.9244,0.9244,0.9244,0.9244,0
2026-06-24T15:46:00.0000000Z,0.9244,0.9244,0.9244,0.9244,0
2026-06-24T15:47:00.0000000Z,0.9244,0.9244,0.9244,0.9244,0
2026-06-24T15:48:00.0000000Z,0.9244,0.9244,0.9244,0.9244,0
2026-06-24T15:49:00.0000000Z,0.9244,0.9244,0.9244,0.9244,0
2026-06-24T15:50:00.0000000Z,0.9244,0.9244,0.9244,0.9244,0
2026-06-24T15:51:00.0000000Z,0.9244,0.9244,0.9244,0.9244,0
2026-06-24T15:52:00.0000000Z,0.9244,0.9244,0.9244,0.9244,0
2026-06-24T15:53:00.0000000Z,0.9244,0.9244,0.9244,0.9244,0
2026-06-24T15:54:00.0000000Z,0.9244,0.9244,0.9244,0.9244,0
2026-06-24T15:55:00.0000000Z,0.9244,0.9244,0.9244,0.9244,0
2026-06-24T15:56:00.0000000Z,0.9244,0.9244,0.9244,0.9244,0
2026-06-24T15:57:00.0000000Z,0.9244,0.9244,0.9244,0.9244,0
2026-06-24T15:58:00.0000000Z,0.9244,0.9244,0.9244,0.9244,0
2026-06-24T15:59:00.0000000Z,0.9244,0.9244,0.9244,0.9244,0
2026-06-24T16:00:00.0000000Z,0.9244,0.9244,0.9244,0.9244,0
2026-06-24T16:01:00.0000000Z,0.9244,0.9244,0.9244,0.9244,0
2026-06-24T16:02:00.0000000Z,0.9244,0.9244,0.9244,0.9244,0
2026-06-24T16:03:00.0000000Z,0.9244,0.9244,0.9244,0.9244,0
2026-06-24T16:04:00.0000000Z,0.9244,0.9244,0.9244,0.9244,0
2026-06-24T16:05:00.0000000Z,0.9244,0.9244,0.9244,0.9244,0
2026-06-24T16:06:00.0000000Z,0.9244,0.9244,0.9244,0.9244,0
2026-06-24T16:07:00.0000000Z,0.9244,0.9244,0.9244,0.9244,0
2026-06-24T16:08:00.0000000Z,0.9244,0.9244,0.9244,0.9244,0
2026-06-24T16:09:00.0000000Z,0.9244,0.9244,0.9244,0.9244,0
2026-06-24T16:10:00.0000000Z,0.9244,0.9244,0.9244,0.9244,0
2026-06-24T16:11:00.0000000Z,0.9244,0.9244,0.9244,0.9244,0
2026-06-24T16:12:00.0000000Z,0.9244,0.9244,0.9244,0.9244,0
2026-06-24T16:13:00.0000000Z,0.9244,0.9244,0.9244,0.9244,0
2026-06-24T16:14:00.0000000Z,0.9244,0.9244,0.9244,0.9244,0
2026-06-24T16:15:00.0000000Z,0.9244,0.9244,0.9244,0.9244,0
2026-06-24T16:16:00.0000000Z,0.9244,0.9244,0.9244,0.9244,0
2026-06-24T16:17:00.0000000Z,0.9244,0.9244,0.9244,0.9244,0
2026-06-24T16:18:00.0000000Z,0.9244,0.9244,0.9244,0.9244,0
2026-06-24T16:19:00.0000000Z,0.9244,0.9244,0.9244,0.9244,0
2026-06-24T16:20:00.0000000Z,0.9244,0.9244,0.9244,0.9244,0
2026-06-24T16:21:00.0000000Z,0.9244,0.9244,0.9244,0.9244,0
2026-06-24T16:22:00.0000000Z,0.9244,0.9244,0.9244,0.9244,0
2026-06-24T16:23:00.0000000Z,0.9244,0.9244,0.9244,0.9244,0
2026-06-24T16:24:00.0000000Z,0.9244,0.9244,0.9244,0.9244,0
2026-06-24T16:25:00.0000000Z,0.9244,0.9244,0.9244,0.9244,0
2026-06-24T16:26:00.0000000Z,0.9244,0.9244,0.9244,0.9244,0
2026-06-24T16:27:00.0000000Z,0.9244,0.9244,0.9244,0.9244,0
2026-06-24T16:28:00.0000000Z,0.9244,0.9244,0.9244,0.9244,0
2026-06-24T16:29:00.0000000Z,0.9244,0.9244,0.9244,0.9244,0
2026-06-24T16:30:00.0000000Z,0.9244,0.9244,0.9244,0.9244,0
2026-06-24T16:31:00.0000000Z,0.9244,0.9244,0.9244,0.9244,0
2026-06-24T16:32:00.0000000Z,0.9244,0.9244,0.9244,0.9244,0
2026-06-24T16:33:00.0000000Z,0.9244,0.9244,0.9244,0.9244,0
2026-06-24T16:34:00.0000000Z,0.9244,0.9244,0.9244,0.9244,0
2026-06-24T16:35:00.0000000Z,0.9244,0.9244,0.9244,0.9244,0
2026-06-24T16:36:00.0000000Z,0.9244,0.9244,0.9244,0.9244,0
2026-06-24T16:37:00.0000000Z,0.9244,0.9244,0.9244,0.9244,0
2026-06-24T16:38:00.0000000Z,0.9244,0.9244,0.9244,0.9244,0
2026-06-24T16:39:00.0000000Z,0.9244,0.9244,0.9244,0.9244,0
2026-06-24T16:40:00.0000000Z,0.9244,0.9244,0.9244,0.9244,0
2026-06-24T16:41:00.0000000Z,0.9244,0.9244,0.9244,0.9244,0
2026-06-24T16:42:00.0000000Z,0.9244,0.9244,0.9244,0.9244,0
2026-06-24T16:43:00.0000000Z,0.9244,0.9244,0.9244,0.9244,0
2026-06-24T16:44:00.0000000Z,0.9244,0.9244,0.9244,0.9244,0
2026-06-24T16:45:00.0000000Z,0.9244,0.9244,0.9244,0.9244,0
2026-06-24T16:46:00.0000000Z,0.9244,0.9244,0.9244,0.9244,0
2026-06-24T16:47:00.0000000Z,0.9244,0.9244,0.9244,0.9244,0
2026-06-24T16:48:00.0000000Z,0.9244,0.9244,0.9244,0.9244,0
2026-06-24T16:49:00.0000000Z,0.9244,0.9244,0.9244,0.9244,0
2026-06-24T16:50:00.0000000Z,0.9244,0.9244,0.9244,0.9244,0
2026-06-24T16:51:00.0000000Z,0.9244,0.9244,0.9244,0.9244,0
2026-06-24T16:52:00.0000000Z,0.9244,0.9244,0.9244,0.9244,0
2026-06-24T16:53:00.0000000Z,0.9244,0.9244,0.9244,0.9244,0
2026-06-24T16:54:00.0000000Z,0.9244,0.9244,0.9244,0.9244,0
2026-06-24T16:55:00.0000000Z,0.9244,0.9244,0.9244,0.9244,0
2026-06-24T16:56:00.0000000Z,0.9244,0.9244,0.9244,0.9244,0
2026-06-24T16:57:00.0000000Z,0.9244,0.9244,0.9244,0.9244,0
2026-06-24T16:58:00.0000000Z,0.9465,0.9465,0.9464,0.9465,5
2026-06-24T16:59:00.0000000Z,0.9465,0.9465,0.9465,0.9465,0
2026-06-24T17:00:00.0000000Z,0.9465,0.9465,0.9465,0.9465,0
2026-06-24T17:01:00.0000000Z,0.9465,0.9465,0.9465,0.9465,0
2026-06-24T17:02:00.0000000Z,0.9465,0.9465,0.9465,0.9465,0
2026-06-24T17:03:00.0000000Z,0.9465,0.9465,0.9465,0.9465,0
2026-06-24T17:04:00.0000000Z,0.9465,0.9465,0.9465,0.9465,0
2026-06-24T17:05:00.0000000Z,0.9465,0.9465,0.9465,0.9465,0
2026-06-24T17:06:00.0000000Z,0.9465,0.9465,0.9465,0.9465,0
2026-06-24T17:07:00.0000000Z,0.9465,0.9465,0.9465,0.9465,0
2026-06-24T17:08:00.0000000Z,0.9465,0.9465,0.9465,0.9465,0
2026-06-24T17:09:00.0000000Z,0.9465,0.9465,0.9465,0.9465,0
2026-06-24T17:10:00.0000000Z,0.9465,0.9465,0.9465,0.9465,0
2026-06-24T17:11:00.0000000Z,0.9465,0.9465,0.9465,0.9465,0
2026-06-24T17:12:00.0000000Z,0.9465,0.9465,0.9465,0.9465,0
2026-06-24T17:13:00.0000000Z,0.9465,0.9465,0.9465,0.9465,0
2026-06-24T17:14:00.0000000Z,0.9465,0.9465,0.9465,0.9465,0
2026-06-24T17:15:00.0000000Z,0.9465,0.9465,0.9465,0.9465,0
2026-06-24T17:16:00.0000000Z,0.9465,0.9465,0.9465,0.9465,0
2026-06-24T17:17:00.0000000Z,0.9465,0.9465,0.9465,0.9465,0
2026-06-24T17:18:00.0000000Z,0.9465,0.9465,0.9465,0.9465,0
2026-06-24T17:19:00.0000000Z,0.9465,0.9465,0.9465,0.9465,0
2026-06-24T17:20:00.0000000Z,0.9465,0.9465,0.9465,0.9465,0
2026-06-24T17:21:00.0000000Z,0.9465,0.9465,0.9465,0.9465,0
2026-06-24T17:22:00.0000000Z,0.9465,0.9465,0.9465,0.9465,0
2026-06-24T17:23:00.0000000Z,0.9465,0.9465,0.9465,0.9465,0
2026-06-24T17:24:00.0000000Z,0.9465,0.9465,0.9465,0.9465,0
2026-06-24T17:25:00.0000000Z,0.9465,0.9465,0.9465,0.9465,0
2026-06-24T17:26:00.0000000Z,0.9465,0.9465,0.9465,0.9465,0
2026-06-24T17:27:00.0000000Z,0.9465,0.9465,0.9465,0.9465,0
2026-06-24T17:28:00.0000000Z,0.9465,0.9465,0.9465,0.9465,0
2026-06-24T17:29:00.0000000Z,0.9465,0.9465,0.9465,0.9465,0
2026-06-24T17:30:00.0000000Z,0.9465,0.9465,0.9465,0.9465,0
2026-06-24T17:31:00.0000000Z,0.9465,0.9465,0.9465,0.9465,0
2026-06-24T17:32:00.0000000Z,0.9465,0.9465,0.9465,0.9465,0
2026-06-24T17:33:00.0000000Z,0.9465,0.9465,0.9465,0.9465,0
2026-06-24T17:34:00.0000000Z,0.9465,0.9465,0.9465,0.9465,0
2026-06-24T17:35:00.0000000Z,0.9465,0.9465,0.9465,0.9465,0
2026-06-24T17:36:00.0000000Z,0.9465,0.9465,0.9465,0.9465,0
2026-06-24T17:37:00.0000000Z,0.9465,0.9465,0.9465,0.9465,0
2026-06-24T17:38:00.0000000Z,0.9465,0.9465,0.9465,0.9465,0
2026-06-24T17:39:00.0000000Z,0.9465,0.9465,0.9465,0.9465,0
2026-06-24T17:40:00.0000000Z,0.9465,0.9465,0.9465,0.9465,0
2026-06-24T17:41:00.0000000Z,0.9465,0.9465,0.9465,0.9465,0
2026-06-24T17:42:00.0000000Z,0.9465,0.9465,0.9465,0.9465,0
2026-06-24T17:43:00.0000000Z,0.9465,0.9465,0.9465,0.9465,0
2026-06-24T17:44:00.0000000Z,0.9465,0.9465,0.9465,0.9465,0
2026-06-24T17:45:00.0000000Z,0.9465,0.9465,0.9465,0.9465,0
2026-06-24T17:46:00.0000000Z,0.9465,0.9465,0.9465,0.9465,0
2026-06-24T17:47:00.0000000Z,0.9465,0.9465,0.9465,0.9465,0
2026-06-24T17:48:00.0000000Z,0.9465,0.9465,0.9465,0.9465,0
2026-06-24T17:49:00.0000000Z,0.9465,0.9465,0.9465,0.9465,0
2026-06-24T17:50:00.0000000Z,0.9465,0.9465,0.9465,0.9465,0
2026-06-24T17:51:00.0000000Z,0.9465,0.9465,0.9465,0.9465,0
2026-06-24T17:52:00.0000000Z,0.9465,0.9465,0.9465,0.9465,0
2026-06-24T17:53:00.0000000Z,0.9465,0.9465,0.9465,0.9465,0
2026-06-24T17:54:00.0000000Z,0.9465,0.9465,0.9465,0.9465,0
2026-06-24T17:55:00.0000000Z,0.9465,0.9465,0.9465,0.9465,0
2026-06-24T17:56:00.0000000Z,0.9465,0.9465,0.9465,0.9465,0
2026-06-24T17:57:00.0000000Z,0.9465,0.9465,0.9465,0.9465,0
2026-06-24T17:58:00.0000000Z,0.9465,0.9465,0.9465,0.9465,0
2026-06-24T17:59:00.0000000Z,0.9465,0.9465,0.9465,0.9465,0
2026-06-24T18:00:00.0000000Z,0.9465,0.9465,0.9465,0.9465,0
2026-06-24T18:01:00.0000000Z,0.9465,0.9465,0.9465,0.9465,0
2026-06-24T18:02:00.0000000Z,0.9465,0.9465,0.9465,0.9465,0
2026-06-24T18:03:00.0000000Z,0.9465,0.9465,0.9465,0.9465,0
2026-06-24T18:04:00.0000000Z,0.9465,0.9465,0.9465,0.9465,0
2026-06-24T18:05:00.0000000Z,0.9465,0.9465,0.9465,0.9465,0
2026-06-24T18:06:00.0000000Z,0.9465,0.9465,0.9465,0.9465,0
2026-06-24T18:07:00.0000000Z,0.9465,0.9465,0.9465,0.9465,0
2026-06-24T18:08:00.0000000Z,0.9465,0.9465,0.9465,0.9465,0
2026-06-24T18:09:00.0000000Z,0.9465,0.9465,0.9465,0.9465,0
2026-06-24T18:10:00.0000000Z,0.9465,0.9465,0.9465,0.9465,0
2026-06-24T18:11:00.0000000Z,0.9465,0.9465,0.9465,0.9465,0
2026-06-24T18:12:00.0000000Z,0.9465,0.9465,0.9465,0.9465,0
2026-06-24T18:13:00.0000000Z,0.9465,0.9465,0.9465,0.9465,0
2026-06-24T18:14:00.0000000Z,0.9465,0.9465,0.9465,0.9465,0
2026-06-24T18:15:00.0000000Z,0.9465,0.9465,0.9465,0.9465,0
2026-06-24T18:16:00.0000000Z,0.9465,0.9465,0.9465,0.9465,0
2026-06-24T18:17:00.0000000Z,0.9465,0.9465,0.9465,0.9465,0
2026-06-24T18:18:00.0000000Z,0.9465,0.9465,0.9465,0.9465,0
2026-06-24T18:19:00.0000000Z,0.9465,0.9465,0.9465,0.9465,0
2026-06-24T18:20:00.0000000Z,0.9465,0.9465,0.9465,0.9465,0
2026-06-24T18:21:00.0000000Z,0.9465,0.9465,0.9465,0.9465,0
2026-06-24T18:22:00.0000000Z,0.9465,0.9465,0.9465,0.9465,0
2026-06-24T18:23:00.0000000Z,0.9465,0.9465,0.9465,0.9465,0
2026-06-24T18:24:00.0000000Z,0.9465,0.9465,0.9465,0.9465,0
2026-06-24T18:25:00.0000000Z,0.9465,0.9465,0.9465,0.9465,0
2026-06-24T18:26:00.0000000Z,0.9465,0.9465,0.9465,0.9465,0
2026-06-24T18:27:00.0000000Z,0.9465,0.9465,0.9465,0.9465,0
2026-06-24T18:28:00.0000000Z,0.9465,0.9465,0.9465,0.9465,0
2026-06-24T18:29:00.0000000Z,0.9465,0.9465,0.9465,0.9465,0
2026-06-24T18:30:00.0000000Z,0.9465,0.9465,0.9465,0.9465,0
2026-06-24T18:31:00.0000000Z,0.9465,0.9465,0.9465,0.9465,0
2026-06-24T18:32:00.0000000Z,0.9465,0.9465,0.9465,0.9465,0
2026-06-24T18:33:00.0000000Z,0.9465,0.9465,0.9465,0.9465,0
2026-06-24T18:34:00.0000000Z,0.94,0.94,0.94,0.94,1
2026-06-24T18:35:00.0000000Z,0.94,0.94,0.94,0.94,0
2026-06-24T18:36:00.0000000Z,0.94,0.94,0.94,0.94,0
2026-06-24T18:37:00.0000000Z,0.94,0.94,0.94,0.94,0
2026-06-24T18:38:00.0000000Z,0.94,0.94,0.94,0.94,0
2026-06-24T18:39:00.0000000Z,0.94,0.94,0.94,0.94,0
2026-06-24T18:40:00.0000000Z,0.94,0.94,0.94,0.94,0
2026-06-24T18:41:00.0000000Z,0.94,0.94,0.94,0.94,0
2026-06-24T18:42:00.0000000Z,0.94,0.94,0.94,0.94,0
2026-06-24T18:43:00.0000000Z,0.94,0.94,0.94,0.94,0
2026-06-24T18:44:00.0000000Z,0.94,0.94,0.94,0.94,0
2026-06-24T18:45:00.0000000Z,0.94,0.94,0.94,0.94,0
2026-06-24T18:46:00.0000000Z,0.94,0.94,0.94,0.94,0
2026-06-24T18:47:00.0000000Z,0.94,0.94,0.94,0.94,0
2026-06-24T18:48:00.0000000Z,0.94,0.94,0.94,0.94,0
2026-06-24T18:49:00.0000000Z,0.94,0.94,0.94,0.94,0
2026-06-24T18:50:00.0000000Z,0.94,0.94,0.94,0.94,0
2026-06-24T18:51:00.0000000Z,0.94,0.94,0.94,0.94,0
2026-06-24T18:52:00.0000000Z,0.94,0.94,0.94,0.94,0
2026-06-24T18:53:00.0000000Z,0.94,0.94,0.94,0.94,0
2026-06-24T18:54:00.0000000Z,0.94,0.94,0.94,0.94,0
2026-06-24T18:55:00.0000000Z,0.94,0.94,0.94,0.94,0
2026-06-24T18:56:00.0000000Z,0.94,0.94,0.94,0.94,0
2026-06-24T18:57:00.0000000Z,0.94,0.94,0.94,0.94,0
2026-06-24T18:58:00.0000000Z,0.94,0.94,0.94,0.94,0
2026-06-24T18:59:00.0000000Z,0.94,0.94,0.94,0.94,0
2026-06-24T19:00:00.0000000Z,0.94,0.94,0.94,0.94,0
2026-06-24T19:01:00.0000000Z,0.94,0.94,0.94,0.94,0
2026-06-24T19:02:00.0000000Z,0.94,0.94,0.94,0.94,0
2026-06-24T19:03:00.0000000Z,0.94,0.94,0.94,0.94,0
2026-06-24T19:04:00.0000000Z,0.94,0.94,0.94,0.94,0
2026-06-24T19:05:00.0000000Z,0.94,0.94,0.94,0.94,0
2026-06-24T19:06:00.0000000Z,0.94,0.94,0.94,0.94,0
2026-06-24T19:07:00.0000000Z,0.94,0.94,0.94,0.94,0
2026-06-24T19:08:00.0000000Z,0.94,0.94,0.94,0.94,0
2026-06-24T19:09:00.0000000Z,0.94,0.94,0.94,0.94,0
2026-06-24T19:10:00.0000000Z,0.94,0.94,0.94,0.94,0
2026-06-24T19:11:00.0000000Z,0.94,0.94,0.94,0.94,0
2026-06-24T19:12:00.0000000Z,0.94,0.94,0.94,0.94,0
2026-06-24T19:13:00.0000000Z,0.94,0.94,0.94,0.94,0
2026-06-24T19:14:00.0000000Z,0.94,0.94,0.94,0.94,0
2026-06-24T19:15:00.0000000Z,0.94,0.94,0.94,0.94,0
2026-06-24T19:16:00.0000000Z,0.94,0.94,0.94,0.94,0
2026-06-24T19:17:00.0000000Z,0.94,0.94,0.94,0.94,0
2026-06-24T19:18:00.0000000Z,0.94,0.94,0.94,0.94,0
2026-06-24T19:19:00.0000000Z,0.94,0.94,0.94,0.94,0
2026-06-24T19:20:00.0000000Z,0.94,0.94,0.94,0.94,0
2026-06-24T19:21:00.0000000Z,0.94,0.94,0.94,0.94,0
2026-06-24T19:22:00.0000000Z,0.94,0.94,0.94,0.94,0
2026-06-24T19:23:00.0000000Z,0.94,0.94,0.94,0.94,0
2026-06-24T19:24:00.0000000Z,0.94,0.94,0.94,0.94,0
2026-06-24T19:25:00.0000000Z,0.94,0.94,0.94,0.94,0
2026-06-24T19:26:00.0000000Z,0.94,0.94,0.94,0.94,0
2026-06-24T19:27:00.0000000Z,0.94,0.94,0.94,0.94,0
2026-06-24T19:28:00.0000000Z,0.94,0.94,0.94,0.94,0
2026-06-24T19:29:00.0000000Z,0.91,0.9101,0.91,0.91,5
2026-06-24T19:30:00.0000000Z,0.91,0.91,0.91,0.91,0
2026-06-24T19:31:00.0000000Z,0.91,0.91,0.91,0.91,0
2026-06-24T19:32:00.0000000Z,0.91,0.91,0.91,0.91,0
2026-06-24T19:33:00.0000000Z,0.91,0.91,0.91,0.91,0
2026-06-24T19:34:00.0000000Z,0.91,0.91,0.91,0.91,0
2026-06-24T19:35:00.0000000Z,0.91,0.91,0.91,0.91,0
2026-06-24T19:36:00.0000000Z,0.91,0.91,0.91,0.91,0
2026-06-24T19:37:00.0000000Z,0.91,0.91,0.91,0.91,0
2026-06-24T19:38:00.0000000Z,0.91,0.91,0.91,0.91,0
2026-06-24T19:39:00.0000000Z,0.91,0.91,0.91,0.91,0
2026-06-24T19:40:00.0000000Z,0.91,0.91,0.91,0.91,0
2026-06-24T19:41:00.0000000Z,0.91,0.91,0.91,0.91,0
2026-06-24T19:42:00.0000000Z,0.91,0.91,0.91,0.91,0
2026-06-24T19:43:00.0000000Z,0.91,0.91,0.91,0.91,0
2026-06-24T19:44:00.0000000Z,0.91,0.91,0.91,0.91,0
2026-06-24T19:45:00.0000000Z,0.91,0.91,0.91,0.91,0
2026-06-24T19:46:00.0000000Z,0.91,0.91,0.91,0.91,0
2026-06-24T19:47:00.0000000Z,0.91,0.91,0.91,0.91,0
2026-06-24T19:48:00.0000000Z,0.91,0.91,0.91,0.91,0
2026-06-24T19:49:00.0000000Z,0.91,0.91,0.91,0.91,0
2026-06-24T19:50:00.0000000Z,0.91,0.91,0.91,0.91,0
2026-06-24T19:51:00.0000000Z,0.91,0.91,0.91,0.91,0
2026-06-24T19:52:00.0000000Z,0.91,0.91,0.91,0.91,0
2026-06-24T19:53:00.0000000Z,0.91,0.91,0.91,0.91,0
2026-06-24T19:54:00.0000000Z,0.91,0.91,0.91,0.91,0
2026-06-24T19:55:00.0000000Z,0.91,0.91,0.91,0.91,0
2026-06-24T19:56:00.0000000Z,0.91,0.91,0.91,0.91,0
2026-06-24T19:57:00.0000000Z,0.91,0.91,0.91,0.91,0
2026-06-24T19:58:00.0000000Z,0.91,0.91,0.91,0.91,0
2026-06-24T19:59:00.0000000Z,0.91,0.91,0.91,0.91,0
2026-06-24T20:00:00.0000000Z,0.91,0.91,0.91,0.91,0
2026-06-24T20:01:00.0000000Z,0.91,0.91,0.91,0.91,0
2026-06-24T20:02:00.0000000Z,0.91,0.91,0.91,0.91,0
2026-06-24T20:03:00.0000000Z,0.91,0.91,0.91,0.91,0
2026-06-24T20:04:00.0000000Z,0.91,0.91,0.91,0.91,0
2026-06-24T20:05:00.0000000Z,0.91,0.91,0.91,0.91,0
2026-06-24T20:06:00.0000000Z,0.91,0.91,0.91,0.91,0
2026-06-24T20:07:00.0000000Z,0.91,0.91,0.91,0.91,0
2026-06-24T20:08:00.0000000Z,0.91,0.91,0.91,0.91,0
2026-06-24T20:09:00.0000000Z,0.91,0.91,0.91,0.91,0
2026-06-24T20:10:00.0000000Z,0.91,0.91,0.91,0.91,0
2026-06-24T20:11:00.0000000Z,0.91,0.91,0.91,0.91,0
2026-06-24T20:12:00.0000000Z,0.91,0.91,0.91,0.91,0
2026-06-24T20:13:00.0000000Z,0.91,0.91,0.91,0.91,0
2026-06-24T20:14:00.0000000Z,0.91,0.91,0.91,0.91,0
2026-06-24T20:15:00.0000000Z,0.91,0.91,0.91,0.91,0
2026-06-24T20:16:00.0000000Z,0.91,0.91,0.91,0.91,0
2026-06-24T20:17:00.0000000Z,0.91,0.91,0.91,0.91,0
2026-06-24T20:18:00.0000000Z,0.91,0.91,0.91,0.91,0
2026-06-24T20:19:00.0000000Z,0.91,0.91,0.91,0.91,0
2026-06-24T20:20:00.0000000Z,0.91,0.91,0.91,0.91,0
2026-06-24T20:21:00.0000000Z,0.91,0.91,0.91,0.91,0
2026-06-24T20:22:00.0000000Z,0.91,0.91,0.91,0.91,0
2026-06-24T20:23:00.0000000Z,0.91,0.91,0.91,0.91,0
2026-06-24T20:24:00.0000000Z,0.91,0.91,0.91,0.91,0
2026-06-24T20:25:00.0000000Z,0.91,0.91,0.91,0.91,0
2026-06-24T20:26:00.0000000Z,0.91,0.91,0.91,0.91,0
2026-06-24T20:27:00.0000000Z,0.91,0.91,0.91,0.91,0
2026-06-24T20:28:00.0000000Z,0.91,0.91,0.91,0.91,0
2026-06-24T20:29:00.0000000Z,0.91,0.91,0.91,0.91,0
2026-06-24T20:30:00.0000000Z,0.91,0.91,0.91,0.91,0
2026-06-24T20:31:00.0000000Z,0.91,0.91,0.91,0.91,0
2026-06-24T20:32:00.0000000Z,0.91,0.91,0.91,0.91,0
2026-06-24T20:33:00.0000000Z,0.91,0.91,0.91,0.91,0
2026-06-24T20:34:00.0000000Z,0.91,0.91,0.91,0.91,0
2026-06-24T20:35:00.0000000Z,0.91,0.91,0.91,0.91,0
2026-06-24T20:36:00.0000000Z,0.91,0.91,0.91,0.91,0
2026-06-24T20:37:00.0000000Z,0.91,0.91,0.91,0.91,0
2026-06-24T20:38:00.0000000Z,0.91,0.91,0.91,0.91,0
2026-06-24T20:39:00.0000000Z,0.91,0.91,0.91,0.91,0
2026-06-24T20:40:00.0000000Z,0.91,0.91,0.91,0.91,0
2026-06-24T20:41:00.0000000Z,0.91,0.91,0.91,0.91,0
2026-06-24T20:42:00.0000000Z,0.91,0.91,0.91,0.91,0
2026-06-24T20:43:00.0000000Z,0.91,0.91,0.91,0.91,0
2026-06-24T20:44:00.0000000Z,0.91,0.91,0.91,0.91,0
2026-06-24T20:45:00.0000000Z,0.91,0.91,0.91,0.91,0
2026-06-24T20:46:00.0000000Z,0.91,0.91,0.91,0.91,0
2026-06-24T20:47:00.0000000Z,0.91,0.91,0.91,0.91,0
2026-06-24T20:48:00.0000000Z,0.91,0.91,0.91,0.91,0
2026-06-24T20:49:00.0000000Z,0.91,0.91,0.91,0.91,0
2026-06-24T20:50:00.0000000Z,0.91,0.91,0.91,0.91,0
2026-06-24T20:51:00.0000000Z,0.91,0.91,0.91,0.91,0
2026-06-24T20:52:00.0000000Z,0.91,0.91,0.91,0.91,0
2026-06-24T20:53:00.0000000Z,0.91,0.91,0.91,0.91,0
2026-06-24T20:54:00.0000000Z,0.91,0.91,0.91,0.91,0
2026-06-24T20:55:00.0000000Z,0.91,0.91,0.91,0.91,0
2026-06-24T20:56:00.0000000Z,0.91,0.91,0.91,0.91,0
2026-06-24T20:57:00.0000000Z,0.8955,0.8955,0.8955,0.8955,1
2026-06-24T20:58:00.0000000Z,0.8955,0.8955,0.8955,0.8955,0
2026-06-24T20:59:00.0000000Z,0.8955,0.8955,0.8955,0.8955,0
2026-06-24T21:00:00.0000000Z,0.8955,0.8955,0.8955,0.8955,0
2026-06-24T21:01:00.0000000Z,0.8955,0.8955,0.8955,0.8955,0
2026-06-24T21:02:00.0000000Z,0.8955,0.8955,0.8955,0.8955,0
2026-06-24T21:03:00.0000000Z,0.8955,0.8955,0.8955,0.8955,0
2026-06-24T21:04:00.0000000Z,0.8955,0.8955,0.8955,0.8955,0
2026-06-24T21:05:00.0000000Z,0.8955,0.8955,0.8955,0.8955,0
2026-06-24T21:06:00.0000000Z,0.8955,0.8955,0.8955,0.8955,0
2026-06-24T21:07:00.0000000Z,0.8955,0.8955,0.8955,0.8955,0
2026-06-24T21:08:00.0000000Z,0.896,0.896,0.896,0.896,27
2026-06-24T21:09:00.0000000Z,0.896,0.896,0.896,0.896,0
2026-06-24T21:10:00.0000000Z,0.896,0.896,0.896,0.896,0
2026-06-24T21:11:00.0000000Z,0.896,0.896,0.896,0.896,0
2026-06-24T21:12:00.0000000Z,0.896,0.896,0.896,0.896,0
2026-06-24T21:13:00.0000000Z,0.896,0.896,0.896,0.896,0
2026-06-24T21:14:00.0000000Z,0.896,0.896,0.896,0.896,0
2026-06-24T21:15:00.0000000Z,0.896,0.896,0.896,0.896,0
2026-06-24T21:16:00.0000000Z,0.896,0.896,0.896,0.896,0
2026-06-24T21:17:00.0000000Z,0.896,0.896,0.896,0.896,0
2026-06-24T21:18:00.0000000Z,0.896,0.896,0.896,0.896,0
2026-06-24T21:19:00.0000000Z,0.896,0.896,0.896,0.896,0
2026-06-24T21:20:00.0000000Z,0.896,0.896,0.896,0.896,0
2026-06-24T21:21:00.0000000Z,0.896,0.896,0.896,0.896,0
2026-06-24T21:22:00.0000000Z,0.896,0.896,0.896,0.896,0
2026-06-24T21:23:00.0000000Z,0.896,0.896,0.896,0.896,0
2026-06-24T21:24:00.0000000Z,0.896,0.896,0.896,0.896,2
2026-06-24T21:25:00.0000000Z,0.896,0.896,0.896,0.896,0
2026-06-24T21:26:00.0000000Z,0.896,0.896,0.896,0.896,0
2026-06-24T21:27:00.0000000Z,0.896,0.896,0.896,0.896,0
2026-06-24T21:28:00.0000000Z,0.896,0.896,0.896,0.896,0
2026-06-24T21:29:00.0000000Z,0.896,0.896,0.896,0.896,0
2026-06-24T21:30:00.0000000Z,0.896,0.896,0.896,0.896,0
2026-06-24T21:31:00.0000000Z,0.896,0.896,0.896,0.896,0
2026-06-24T21:32:00.0000000Z,0.896,0.896,0.896,0.896,0
2026-06-24T21:33:00.0000000Z,0.896,0.896,0.896,0.896,0
2026-06-24T21:34:00.0000000Z,0.896,0.896,0.896,0.896,0
2026-06-24T21:35:00.0000000Z,0.896,0.896,0.896,0.896,0
2026-06-24T21:36:00.0000000Z,0.896,0.896,0.896,0.896,0
2026-06-24T21:37:00.0000000Z,0.896,0.896,0.896,0.896,0
2026-06-24T21:38:00.0000000Z,0.896,0.896,0.896,0.896,0
2026-06-24T21:39:00.0000000Z,0.896,0.896,0.896,0.896,0
2026-06-24T21:40:00.0000000Z,0.896,0.896,0.896,0.896,0
2026-06-24T21:41:00.0000000Z,0.896,0.896,0.896,0.896,0
2026-06-24T21:42:00.0000000Z,0.896,0.896,0.896,0.896,0
2026-06-24T21:43:00.0000000Z,0.896,0.896,0.896,0.896,0
2026-06-24T21:44:00.0000000Z,0.896,0.896,0.896,0.896,0
2026-06-24T21:45:00.0000000Z,0.896,0.896,0.896,0.896,0
2026-06-24T21:46:00.0000000Z,0.896,0.896,0.896,0.896,0
2026-06-24T21:47:00.0000000Z,0.896,0.896,0.896,0.896,0
2026-06-24T21:48:00.0000000Z,0.896,0.896,0.896,0.896,0
2026-06-24T21:49:00.0000000Z,0.896,0.896,0.896,0.896,0
2026-06-24T21:50:00.0000000Z,0.896,0.896,0.896,0.896,0
2026-06-24T21:51:00.0000000Z,0.896,0.896,0.896,0.896,0
2026-06-24T21:52:00.0000000Z,0.896,0.896,0.896,0.896,0
2026-06-24T21:53:00.0000000Z,0.896,0.896,0.896,0.896,0
2026-06-24T21:54:00.0000000Z,0.896,0.896,0.896,0.896,0
2026-06-24T21:55:00.0000000Z,0.896,0.896,0.896,0.896,0
2026-06-24T21:56:00.0000000Z,0.896,0.896,0.896,0.896,0
2026-06-24T21:57:00.0000000Z,0.896,0.896,0.896,0.896,0
2026-06-24T21:58:00.0000000Z,0.896,0.896,0.896,0.896,0
2026-06-24T21:59:00.0000000Z,0.896,0.896,0.896,0.896,0
2026-06-25T15:46:00.0000000Z,0.911,0.9111,0.911,0.911,5
2026-06-25T15:47:00.0000000Z,0.911,0.911,0.911,0.911,0
2026-06-25T15:48:00.0000000Z,0.911,0.911,0.911,0.911,0
2026-06-25T15:49:00.0000000Z,0.911,0.911,0.911,0.911,0
2026-06-25T15:50:00.0000000Z,0.911,0.911,0.911,0.911,0
2026-06-25T15:51:00.0000000Z,0.911,0.911,0.911,0.911,0
2026-06-25T15:52:00.0000000Z,0.911,0.911,0.911,0.911,0
2026-06-25T15:53:00.0000000Z,0.911,0.911,0.911,0.911,0
2026-06-25T15:54:00.0000000Z,0.911,0.911,0.911,0.911,0
2026-06-25T15:55:00.0000000Z,0.911,0.911,0.911,0.911,0
2026-06-25T15:56:00.0000000Z,0.911,0.911,0.911,0.911,0
2026-06-25T15:57:00.0000000Z,0.911,0.911,0.911,0.911,0
2026-06-25T15:58:00.0000000Z,0.911,0.911,0.911,0.911,0
2026-06-25T15:59:00.0000000Z,0.911,0.911,0.911,0.911,0
2026-06-25T16:00:00.0000000Z,0.911,0.911,0.911,0.911,0
2026-06-25T16:01:00.0000000Z,0.911,0.911,0.911,0.911,0
2026-06-25T16:02:00.0000000Z,0.911,0.911,0.911,0.911,0
2026-06-25T16:03:00.0000000Z,0.911,0.911,0.911,0.911,0
2026-06-25T16:04:00.0000000Z,0.911,0.911,0.911,0.911,0
2026-06-25T16:05:00.0000000Z,0.911,0.911,0.911,0.911,0
2026-06-25T16:06:00.0000000Z,0.911,0.911,0.911,0.911,0
2026-06-25T16:07:00.0000000Z,0.911,0.911,0.911,0.911,0
2026-06-25T16:08:00.0000000Z,0.911,0.911,0.911,0.911,0
2026-06-25T16:09:00.0000000Z,0.911,0.911,0.911,0.911,0
2026-06-25T16:10:00.0000000Z,0.911,0.911,0.911,0.911,0
2026-06-25T16:11:00.0000000Z,0.911,0.911,0.911,0.911,0
2026-06-25T16:12:00.0000000Z,0.911,0.911,0.911,0.911,0
2026-06-25T16:13:00.0000000Z,0.911,0.911,0.911,0.911,0
2026-06-25T16:14:00.0000000Z,0.911,0.911,0.911,0.911,0
2026-06-25T16:15:00.0000000Z,0.911,0.911,0.911,0.911,0
2026-06-25T16:16:00.0000000Z,0.911,0.911,0.911,0.911,0
2026-06-25T16:17:00.0000000Z,0.911,0.911,0.911,0.911,0
2026-06-25T16:18:00.0000000Z,0.911,0.911,0.911,0.911,0
2026-06-25T16:19:00.0000000Z,0.911,0.911,0.911,0.911,0
2026-06-25T16:20:00.0000000Z,0.911,0.911,0.911,0.911,0
2026-06-25T16:21:00.0000000Z,0.911,0.911,0.911,0.911,0
2026-06-25T16:22:00.0000000Z,0.911,0.911,0.911,0.911,0
2026-06-25T16:23:00.0000000Z,0.911,0.911,0.911,0.911,0
2026-06-25T16:24:00.0000000Z,0.911,0.911,0.911,0.911,0
2026-06-25T16:25:00.0000000Z,0.911,0.911,0.911,0.911,0
2026-06-25T16:26:00.0000000Z,0.911,0.911,0.911,0.911,0
2026-06-25T16:27:00.0000000Z,0.911,0.911,0.911,0.911,0
2026-06-25T16:28:00.0000000Z,0.911,0.911,0.911,0.911,0
2026-06-25T16:29:00.0000000Z,0.911,0.911,0.911,0.911,0
2026-06-25T16:30:00.0000000Z,0.911,0.911,0.911,0.911,0
2026-06-25T16:31:00.0000000Z,0.911,0.911,0.911,0.911,0
2026-06-25T16:32:00.0000000Z,0.911,0.911,0.911,0.911,0
2026-06-25T16:33:00.0000000Z,0.911,0.911,0.911,0.911,0
2026-06-25T16:34:00.0000000Z,0.911,0.911,0.911,0.911,0
2026-06-25T16:35:00.0000000Z,0.911,0.911,0.911,0.911,0
2026-06-25T16:36:00.0000000Z,0.911,0.911,0.911,0.911,0
2026-06-25T16:37:00.0000000Z,0.911,0.911,0.911,0.911,0
2026-06-25T16:38:00.0000000Z,0.911,0.911,0.911,0.911,0
2026-06-25T16:39:00.0000000Z,0.911,0.911,0.911,0.911,0
2026-06-25T16:40:00.0000000Z,0.911,0.911,0.911,0.911,0
2026-06-25T16:41:00.0000000Z,0.911,0.911,0.911,0.911,0
2026-06-25T16:42:00.0000000Z,0.911,0.911,0.911,0.911,0
2026-06-25T16:43:00.0000000Z,0.911,0.911,0.911,0.911,0
2026-06-25T16:44:00.0000000Z,0.911,0.911,0.911,0.911,0
2026-06-25T16:45:00.0000000Z,0.911,0.911,0.911,0.911,0
2026-06-25T16:46:00.0000000Z,0.911,0.911,0.911,0.911,0
2026-06-25T16:47:00.0000000Z,0.911,0.911,0.911,0.911,0
2026-06-25T16:48:00.0000000Z,0.911,0.911,0.911,0.911,0
2026-06-25T16:49:00.0000000Z,0.911,0.911,0.911,0.911,0
2026-06-25T16:50:00.0000000Z,0.911,0.911,0.911,0.911,0
2026-06-25T16:51:00.0000000Z,0.911,0.911,0.911,0.911,0
2026-06-25T16:52:00.0000000Z,0.911,0.911,0.911,0.911,0
2026-06-25T16:53:00.0000000Z,0.911,0.911,0.911,0.911,0
2026-06-25T16:54:00.0000000Z,0.911,0.911,0.911,0.911,0
2026-06-25T16:55:00.0000000Z,0.911,0.911,0.911,0.911,0
2026-06-25T16:56:00.0000000Z,0.911,0.911,0.911,0.911,0
2026-06-25T16:57:00.0000000Z,0.911,0.911,0.911,0.911,0
2026-06-25T16:58:00.0000000Z,0.911,0.911,0.911,0.911,0
2026-06-25T16:59:00.0000000Z,0.911,0.911,0.911,0.911,0
2026-06-25T17:00:00.0000000Z,0.911,0.911,0.911,0.911,0
2026-06-25T17:01:00.0000000Z,0.911,0.911,0.911,0.911,0
2026-06-25T17:02:00.0000000Z,0.911,0.911,0.911,0.911,0
2026-06-25T17:03:00.0000000Z,0.911,0.911,0.911,0.911,0
2026-06-25T17:04:00.0000000Z,0.911,0.911,0.911,0.911,0
2026-06-25T17:05:00.0000000Z,0.911,0.911,0.911,0.911,0
2026-06-25T17:06:00.0000000Z,0.911,0.911,0.911,0.911,0
2026-06-25T17:07:00.0000000Z,0.911,0.911,0.911,0.911,0
2026-06-25T17:08:00.0000000Z,0.911,0.911,0.911,0.911,0
2026-06-25T17:09:00.0000000Z,0.911,0.911,0.911,0.911,0
2026-06-25T17:10:00.0000000Z,0.911,0.911,0.911,0.911,0
2026-06-25T17:11:00.0000000Z,0.911,0.911,0.911,0.911,0
2026-06-25T17:12:00.0000000Z,0.911,0.911,0.911,0.911,0
2026-06-25T17:13:00.0000000Z,0.911,0.911,0.911,0.911,0
2026-06-25T17:14:00.0000000Z,0.911,0.911,0.911,0.911,0
2026-06-25T17:15:00.0000000Z,0.911,0.911,0.911,0.911,0
2026-06-25T17:16:00.0000000Z,0.911,0.911,0.911,0.911,0
2026-06-25T17:17:00.0000000Z,0.911,0.911,0.911,0.911,0
2026-06-25T17:18:00.0000000Z,0.911,0.911,0.911,0.911,0
2026-06-25T17:19:00.0000000Z,0.911,0.911,0.911,0.911,0
2026-06-25T17:20:00.0000000Z,0.911,0.911,0.911,0.911,0
2026-06-25T17:21:00.0000000Z,0.911,0.911,0.911,0.911,0
2026-06-25T17:22:00.0000000Z,0.911,0.911,0.911,0.911,0
2026-06-25T17:23:00.0000000Z,0.911,0.911,0.911,0.911,0
2026-06-25T17:24:00.0000000Z,0.911,0.911,0.911,0.911,0
2026-06-25T17:25:00.0000000Z,0.911,0.911,0.911,0.911,0
2026-06-25T17:26:00.0000000Z,0.911,0.911,0.911,0.911,0
2026-06-25T17:27:00.0000000Z,0.911,0.911,0.911,0.911,0
2026-06-25T17:28:00.0000000Z,0.911,0.911,0.911,0.911,0
2026-06-25T17:29:00.0000000Z,0.911,0.911,0.911,0.911,0
2026-06-25T17:30:00.0000000Z,0.911,0.911,0.911,0.911,0
2026-06-25T17:31:00.0000000Z,0.911,0.911,0.911,0.911,0
2026-06-25T17:32:00.0000000Z,0.911,0.911,0.911,0.911,0
2026-06-25T17:33:00.0000000Z,0.911,0.911,0.911,0.911,0
2026-06-25T17:34:00.0000000Z,0.911,0.911,0.911,0.911,0
2026-06-25T17:35:00.0000000Z,0.911,0.911,0.911,0.911,0
2026-06-25T17:36:00.0000000Z,0.911,0.911,0.911,0.911,0
2026-06-25T17:37:00.0000000Z,0.911,0.911,0.911,0.911,0
2026-06-25T17:38:00.0000000Z,0.911,0.911,0.911,0.911,0
2026-06-25T17:39:00.0000000Z,0.911,0.911,0.911,0.911,0
2026-06-25T17:40:00.0000000Z,0.911,0.911,0.911,0.911,0
2026-06-25T17:41:00.0000000Z,0.911,0.911,0.911,0.911,0
2026-06-25T17:42:00.0000000Z,0.911,0.911,0.911,0.911,0
2026-06-25T17:43:00.0000000Z,0.911,0.911,0.911,0.911,0
2026-06-25T17:44:00.0000000Z,0.911,0.911,0.911,0.911,0
2026-06-25T17:45:00.0000000Z,0.911,0.911,0.911,0.911,0
2026-06-25T17:46:00.0000000Z,0.911,0.911,0.911,0.911,0
2026-06-25T17:47:00.0000000Z,0.911,0.911,0.911,0.911,0
2026-06-25T17:48:00.0000000Z,0.911,0.911,0.911,0.911,0
2026-06-25T17:49:00.0000000Z,0.911,0.911,0.911,0.911,0
2026-06-25T17:50:00.0000000Z,0.911,0.911,0.911,0.911,0
2026-06-25T17:51:00.0000000Z,0.911,0.911,0.911,0.911,0
2026-06-25T17:52:00.0000000Z,0.911,0.911,0.911,0.911,0
2026-06-25T17:53:00.0000000Z,0.911,0.911,0.911,0.911,0
2026-06-25T17:54:00.0000000Z,0.911,0.911,0.911,0.911,0
2026-06-25T17:55:00.0000000Z,0.911,0.911,0.911,0.911,0
2026-06-25T17:56:00.0000000Z,0.911,0.911,0.911,0.911,0
2026-06-25T17:57:00.0000000Z,0.911,0.911,0.911,0.911,0
2026-06-25T17:58:00.0000000Z,0.911,0.911,0.911,0.911,0
2026-06-25T17:59:00.0000000Z,0.911,0.911,0.911,0.911,0
2026-06-25T18:00:00.0000000Z,0.911,0.911,0.911,0.911,0
2026-06-25T18:01:00.0000000Z,0.911,0.911,0.911,0.911,0
2026-06-25T18:02:00.0000000Z,0.911,0.911,0.911,0.911,0
2026-06-25T18:03:00.0000000Z,0.911,0.911,0.911,0.911,0
2026-06-25T18:04:00.0000000Z,0.911,0.911,0.911,0.911,0
2026-06-25T18:05:00.0000000Z,0.911,0.911,0.911,0.911,0
2026-06-25T18:06:00.0000000Z,0.911,0.911,0.911,0.911,0
2026-06-25T18:07:00.0000000Z,0.911,0.911,0.911,0.911,0
2026-06-25T18:08:00.0000000Z,0.911,0.911,0.911,0.911,0
2026-06-25T18:09:00.0000000Z,0.911,0.911,0.911,0.911,0
2026-06-25T18:10:00.0000000Z,0.911,0.911,0.911,0.911,0
2026-06-25T18:11:00.0000000Z,0.911,0.911,0.911,0.911,0
2026-06-25T18:12:00.0000000Z,0.911,0.911,0.911,0.911,0
2026-06-25T18:13:00.0000000Z,0.911,0.911,0.911,0.911,0
2026-06-25T18:14:00.0000000Z,0.911,0.911,0.911,0.911,0
2026-06-25T18:15:00.0000000Z,0.911,0.911,0.911,0.911,0
2026-06-25T18:16:00.0000000Z,0.911,0.911,0.911,0.911,0
2026-06-25T18:17:00.0000000Z,0.911,0.911,0.911,0.911,0
2026-06-25T18:18:00.0000000Z,0.911,0.911,0.911,0.911,0
2026-06-25T18:19:00.0000000Z,0.911,0.911,0.911,0.911,0
2026-06-25T18:20:00.0000000Z,0.911,0.911,0.911,0.911,0
2026-06-25T18:21:00.0000000Z,0.911,0.911,0.911,0.911,0
2026-06-25T18:22:00.0000000Z,0.911,0.911,0.911,0.911,0
2026-06-25T18:23:00.0000000Z,0.911,0.911,0.911,0.911,0
2026-06-25T18:24:00.0000000Z,0.911,0.911,0.911,0.911,0
2026-06-25T18:25:00.0000000Z,0.911,0.911,0.911,0.911,0
2026-06-25T18:26:00.0000000Z,0.911,0.911,0.911,0.911,0
2026-06-25T18:27:00.0000000Z,0.911,0.911,0.911,0.911,0
2026-06-25T18:28:00.0000000Z,0.911,0.911,0.911,0.911,0
2026-06-25T18:29:00.0000000Z,0.911,0.911,0.911,0.911,0
2026-06-25T18:30:00.0000000Z,0.911,0.911,0.911,0.911,0
2026-06-25T18:31:00.0000000Z,0.911,0.911,0.911,0.911,0
2026-06-25T18:32:00.0000000Z,0.911,0.911,0.911,0.911,0
2026-06-25T18:33:00.0000000Z,0.911,0.911,0.911,0.911,0
2026-06-25T18:34:00.0000000Z,0.911,0.911,0.911,0.911,0
2026-06-25T18:35:00.0000000Z,0.911,0.911,0.911,0.911,0
2026-06-25T18:36:00.0000000Z,0.911,0.911,0.911,0.911,0
2026-06-25T18:37:00.0000000Z,0.911,0.911,0.911,0.911,0
2026-06-25T18:38:00.0000000Z,0.911,0.911,0.911,0.911,0
2026-06-25T18:39:00.0000000Z,0.911,0.911,0.911,0.911,0
2026-06-25T18:40:00.0000000Z,0.911,0.911,0.911,0.911,0
2026-06-25T18:41:00.0000000Z,0.911,0.911,0.911,0.911,0
2026-06-25T18:42:00.0000000Z,0.911,0.911,0.911,0.911,0
2026-06-25T18:43:00.0000000Z,0.911,0.911,0.911,0.911,0
2026-06-25T18:44:00.0000000Z,0.911,0.911,0.911,0.911,0
2026-06-25T18:45:00.0000000Z,0.911,0.911,0.911,0.911,0
2026-06-25T18:46:00.0000000Z,0.911,0.911,0.911,0.911,0
2026-06-25T18:47:00.0000000Z,0.911,0.911,0.911,0.911,0
2026-06-25T18:48:00.0000000Z,0.911,0.911,0.911,0.911,0
2026-06-25T18:49:00.0000000Z,0.911,0.911,0.911,0.911,0
2026-06-25T18:50:00.0000000Z,0.911,0.911,0.911,0.911,0
2026-06-25T18:51:00.0000000Z,0.911,0.911,0.911,0.911,0
2026-06-25T18:52:00.0000000Z,0.911,0.911,0.911,0.911,0
2026-06-25T18:53:00.0000000Z,0.911,0.911,0.911,0.911,0
2026-06-25T18:54:00.0000000Z,0.911,0.911,0.911,0.911,0
2026-06-25T18:55:00.0000000Z,0.911,0.911,0.911,0.911,0
2026-06-25T18:56:00.0000000Z,0.911,0.911,0.911,0.911,0
2026-06-25T18:57:00.0000000Z,0.911,0.911,0.911,0.911,0
2026-06-25T18:58:00.0000000Z,0.911,0.911,0.911,0.911,0
2026-06-25T18:59:00.0000000Z,0.911,0.911,0.911,0.911,0
2026-06-25T19:00:00.0000000Z,0.911,0.911,0.911,0.911,0
2026-06-25T19:01:00.0000000Z,0.911,0.911,0.911,0.911,0
2026-06-25T19:02:00.0000000Z,0.911,0.911,0.911,0.911,0
2026-06-25T19:03:00.0000000Z,0.911,0.911,0.911,0.911,0
2026-06-25T19:04:00.0000000Z,0.911,0.911,0.911,0.911,0
2026-06-25T19:05:00.0000000Z,0.911,0.911,0.911,0.911,0
2026-06-25T19:06:00.0000000Z,0.911,0.911,0.911,0.911,0
2026-06-25T19:07:00.0000000Z,0.911,0.911,0.911,0.911,0
2026-06-25T19:08:00.0000000Z,0.911,0.911,0.911,0.911,0
2026-06-25T19:09:00.0000000Z,0.911,0.911,0.911,0.911,0
2026-06-25T19:10:00.0000000Z,0.911,0.911,0.911,0.911,0
2026-06-25T19:11:00.0000000Z,0.911,0.911,0.911,0.911,0
2026-06-25T19:12:00.0000000Z,0.911,0.911,0.911,0.911,0
2026-06-25T19:13:00.0000000Z,0.911,0.911,0.911,0.911,0
2026-06-25T19:14:00.0000000Z,0.911,0.911,0.911,0.911,0
2026-06-25T19:15:00.0000000Z,0.911,0.911,0.911,0.911,0
2026-06-25T19:16:00.0000000Z,0.911,0.911,0.911,0.911,0
2026-06-25T19:17:00.0000000Z,0.911,0.911,0.911,0.911,0
2026-06-25T19:18:00.0000000Z,0.911,0.911,0.911,0.911,0
2026-06-25T19:19:00.0000000Z,0.911,0.911,0.911,0.911,0
2026-06-25T19:20:00.0000000Z,0.911,0.911,0.911,0.911,0
2026-06-25T19:21:00.0000000Z,0.911,0.911,0.911,0.911,0
2026-06-25T19:22:00.0000000Z,0.911,0.911,0.911,0.911,0
2026-06-25T19:23:00.0000000Z,0.911,0.911,0.911,0.911,0
2026-06-25T19:24:00.0000000Z,0.911,0.911,0.911,0.911,0
2026-06-25T19:25:00.0000000Z,0.911,0.911,0.911,0.911,0
2026-06-25T19:26:00.0000000Z,0.911,0.911,0.911,0.911,0
2026-06-25T19:27:00.0000000Z,0.911,0.911,0.911,0.911,0
2026-06-25T19:28:00.0000000Z,0.911,0.911,0.911,0.911,0
2026-06-25T19:29:00.0000000Z,0.911,0.911,0.911,0.911,0
2026-06-25T19:30:00.0000000Z,0.911,0.911,0.911,0.911,0
2026-06-25T19:31:00.0000000Z,0.911,0.911,0.911,0.911,0
2026-06-25T19:32:00.0000000Z,0.911,0.911,0.911,0.911,0
2026-06-25T19:33:00.0000000Z,0.911,0.911,0.911,0.911,0
2026-06-25T19:34:00.0000000Z,0.911,0.911,0.911,0.911,0
2026-06-25T19:35:00.0000000Z,0.911,0.911,0.911,0.911,0
2026-06-25T19:36:00.0000000Z,0.911,0.911,0.911,0.911,0
2026-06-25T19:37:00.0000000Z,0.911,0.911,0.911,0.911,0
2026-06-25T19:38:00.0000000Z,0.911,0.911,0.911,0.911,0
2026-06-25T19:39:00.0000000Z,0.911,0.911,0.911,0.911,0
2026-06-25T19:40:00.0000000Z,0.9342,0.9343,0.9342,0.9342,9
2026-06-25T19:41:00.0000000Z,0.9342,0.9342,0.9342,0.9342,0
2026-06-25T19:42:00.0000000Z,0.9342,0.9342,0.9342,0.9342,0
2026-06-25T19:43:00.0000000Z,0.9342,0.9342,0.9342,0.9342,0
2026-06-25T19:44:00.0000000Z,0.9342,0.9342,0.9342,0.9342,0
2026-06-25T19:45:00.0000000Z,0.9342,0.9342,0.9342,0.9342,0
2026-06-25T19:46:00.0000000Z,0.9342,0.9342,0.9342,0.9342,0
2026-06-25T19:47:00.0000000Z,0.9342,0.9342,0.9342,0.9342,0
2026-06-25T19:48:00.0000000Z,0.9342,0.9342,0.9342,0.9342,0
2026-06-25T19:49:00.0000000Z,0.9342,0.9342,0.9342,0.9342,0
2026-06-25T19:50:00.0000000Z,0.9342,0.9342,0.9342,0.9342,0
2026-06-25T19:51:00.0000000Z,0.9342,0.9342,0.9342,0.9342,0
2026-06-25T19:52:00.0000000Z,0.9342,0.9342,0.9342,0.9342,0
2026-06-25T19:53:00.0000000Z,0.9342,0.9342,0.9342,0.9342,0
2026-06-25T19:54:00.0000000Z,0.9342,0.9342,0.9342,0.9342,0
2026-06-25T19:55:00.0000000Z,0.9342,0.9342,0.9342,0.9342,0
2026-06-25T19:56:00.0000000Z,0.9342,0.9342,0.9342,0.9342,0
2026-06-25T19:57:00.0000000Z,0.9342,0.9342,0.9342,0.9342,0
2026-06-25T19:58:00.0000000Z,0.9342,0.9342,0.9342,0.9342,0
2026-06-25T19:59:00.0000000Z,0.9342,0.9342,0.9342,0.9342,0
2026-06-25T20:00:00.0000000Z,0.9342,0.9342,0.9342,0.9342,0
2026-06-25T20:01:00.0000000Z,0.9342,0.9342,0.9342,0.9342,0
2026-06-25T20:02:00.0000000Z,0.9342,0.9342,0.9342,0.9342,0
2026-06-25T20:03:00.0000000Z,0.9342,0.9342,0.9342,0.9342,0
2026-06-25T20:04:00.0000000Z,0.9342,0.9342,0.9342,0.9342,0
2026-06-25T20:05:00.0000000Z,0.9342,0.9342,0.9342,0.9342,0
2026-06-25T20:06:00.0000000Z,0.9342,0.9342,0.9342,0.9342,0
2026-06-25T20:07:00.0000000Z,0.9342,0.9342,0.9342,0.9342,0
2026-06-25T20:08:00.0000000Z,0.9342,0.9342,0.9342,0.9342,0
2026-06-25T20:09:00.0000000Z,0.9342,0.9342,0.9342,0.9342,0
2026-06-25T20:10:00.0000000Z,0.9342,0.9342,0.9342,0.9342,0
2026-06-25T20:11:00.0000000Z,0.9342,0.9342,0.9342,0.9342,0
2026-06-25T20:12:00.0000000Z,0.9342,0.9342,0.9342,0.9342,0
2026-06-25T20:13:00.0000000Z,0.9342,0.9342,0.9342,0.9342,0
2026-06-25T20:14:00.0000000Z,0.9342,0.9342,0.9342,0.9342,0
2026-06-25T20:15:00.0000000Z,0.9342,0.9342,0.9342,0.9342,0
2026-06-25T20:16:00.0000000Z,0.9342,0.9342,0.9342,0.9342,0
2026-06-25T20:17:00.0000000Z,0.9342,0.9342,0.9342,0.9342,0
2026-06-25T20:18:00.0000000Z,0.9342,0.9342,0.9342,0.9342,0
2026-06-25T20:19:00.0000000Z,0.9342,0.9342,0.9342,0.9342,0
2026-06-25T20:20:00.0000000Z,0.9342,0.9342,0.9342,0.9342,0
2026-06-25T20:21:00.0000000Z,0.9342,0.9342,0.9342,0.9342,0
2026-06-25T20:22:00.0000000Z,0.9342,0.9342,0.9342,0.9342,0
2026-06-25T20:23:00.0000000Z,0.9342,0.9342,0.9342,0.9342,0
2026-06-25T20:24:00.0000000Z,0.9342,0.9342,0.9342,0.9342,0
2026-06-25T20:25:00.0000000Z,0.9342,0.9342,0.9342,0.9342,0
2026-06-25T20:26:00.0000000Z,0.9342,0.9342,0.9342,0.9342,0
2026-06-25T20:27:00.0000000Z,0.9342,0.9342,0.9342,0.9342,0
2026-06-25T20:28:00.0000000Z,0.9342,0.9342,0.9342,0.9342,0
2026-06-25T20:29:00.0000000Z,0.9342,0.9342,0.9342,0.9342,0
2026-06-25T20:30:00.0000000Z,0.9342,0.9342,0.9342,0.9342,0
2026-06-25T20:31:00.0000000Z,0.9342,0.9342,0.9342,0.9342,0
2026-06-25T20:32:00.0000000Z,0.9342,0.9342,0.9342,0.9342,0
2026-06-25T20:33:00.0000000Z,0.9342,0.9342,0.9342,0.9342,0
2026-06-25T20:34:00.0000000Z,0.9342,0.9342,0.9342,0.9342,0
2026-06-25T20:35:00.0000000Z,0.9342,0.9342,0.9342,0.9342,0
2026-06-25T20:36:00.0000000Z,0.9342,0.9342,0.9342,0.9342,0
2026-06-25T20:37:00.0000000Z,0.9342,0.9342,0.9342,0.9342,0
2026-06-25T20:38:00.0000000Z,0.9342,0.9342,0.9342,0.9342,0
2026-06-25T20:39:00.0000000Z,0.9342,0.9342,0.9342,0.9342,0
2026-06-25T20:40:00.0000000Z,0.9342,0.9342,0.9342,0.9342,0
2026-06-25T20:41:00.0000000Z,0.9342,0.9342,0.9342,0.9342,0
2026-06-25T20:42:00.0000000Z,0.9342,0.9342,0.9342,0.9342,0
2026-06-25T20:43:00.0000000Z,0.9342,0.9342,0.9342,0.9342,0
2026-06-25T20:44:00.0000000Z,0.9342,0.9342,0.9342,0.9342,0
2026-06-25T20:45:00.0000000Z,0.9342,0.9342,0.9342,0.9342,0
2026-06-25T20:46:00.0000000Z,0.9342,0.9342,0.9342,0.9342,0
2026-06-25T20:47:00.0000000Z,0.9342,0.9342,0.9342,0.9342,0
2026-06-25T20:48:00.0000000Z,0.9342,0.9342,0.9342,0.9342,0
2026-06-25T20:49:00.0000000Z,0.9342,0.9342,0.9342,0.9342,0
2026-06-25T20:50:00.0000000Z,0.9342,0.9342,0.9342,0.9342,0
2026-06-25T20:51:00.0000000Z,0.9342,0.9342,0.9342,0.9342,0
2026-06-25T20:52:00.0000000Z,0.9342,0.9342,0.9342,0.9342,0
2026-06-25T20:53:00.0000000Z,0.9342,0.9342,0.9342,0.9342,0
2026-06-25T20:54:00.0000000Z,0.9342,0.9342,0.9342,0.9342,0
2026-06-25T20:55:00.0000000Z,0.9342,0.9342,0.9342,0.9342,0
2026-06-25T20:56:00.0000000Z,0.9342,0.9342,0.9342,0.9342,0
2026-06-25T20:57:00.0000000Z,0.9342,0.9342,0.9342,0.9342,0
2026-06-25T20:58:00.0000000Z,0.9342,0.9342,0.9342,0.9342,0
2026-06-25T20:59:00.0000000Z,0.9342,0.9342,0.9342,0.9342,0
2026-06-25T21:00:00.0000000Z,0.9342,0.9342,0.9342,0.9342,0
2026-06-25T21:01:00.0000000Z,0.9342,0.9342,0.9342,0.9342,0
2026-06-25T21:02:00.0000000Z,0.9342,0.9342,0.9342,0.9342,0
2026-06-25T21:03:00.0000000Z,0.9342,0.9342,0.9342,0.9342,0
2026-06-25T21:04:00.0000000Z,0.9342,0.9342,0.9342,0.9342,0
2026-06-25T21:05:00.0000000Z,0.9342,0.9342,0.9342,0.9342,0
2026-06-25T21:06:00.0000000Z,0.9342,0.9342,0.9342,0.9342,0
2026-06-25T21:07:00.0000000Z,0.9342,0.9342,0.9342,0.9342,0
2026-06-25T21:08:00.0000000Z,0.9342,0.9342,0.9342,0.9342,0
2026-06-25T21:09:00.0000000Z,0.9342,0.9342,0.9342,0.9342,0
2026-06-25T21:10:00.0000000Z,0.9342,0.9342,0.9342,0.9342,0
2026-06-25T21:11:00.0000000Z,0.9342,0.9342,0.9342,0.9342,0
2026-06-25T21:12:00.0000000Z,0.9342,0.9342,0.9342,0.9342,0
2026-06-25T21:13:00.0000000Z,0.9342,0.9342,0.9342,0.9342,0
2026-06-25T21:14:00.0000000Z,0.9342,0.9342,0.9342,0.9342,0
2026-06-25T21:15:00.0000000Z,0.9342,0.9342,0.9342,0.9342,0
2026-06-25T21:16:00.0000000Z,0.9342,0.9342,0.9342,0.9342,0
2026-06-25T21:17:00.0000000Z,0.9342,0.9342,0.9342,0.9342,0
2026-06-25T21:18:00.0000000Z,0.9342,0.9342,0.9342,0.9342,0
2026-06-25T21:19:00.0000000Z,0.9342,0.9342,0.9342,0.9342,0
2026-06-25T21:20:00.0000000Z,0.9342,0.9342,0.9342,0.9342,0
2026-06-25T21:21:00.0000000Z,0.9342,0.9342,0.9342,0.9342,0
2026-06-25T21:22:00.0000000Z,0.9342,0.9342,0.9342,0.9342,0
2026-06-25T21:23:00.0000000Z,0.9342,0.9342,0.9342,0.9342,0
2026-06-25T21:24:00.0000000Z,0.9342,0.9342,0.9342,0.9342,0
2026-06-25T21:25:00.0000000Z,0.9342,0.9342,0.9342,0.9342,0
2026-06-25T21:26:00.0000000Z,0.9342,0.9342,0.9342,0.9342,0
2026-06-25T21:27:00.0000000Z,0.9342,0.9342,0.9342,0.9342,0
2026-06-25T21:28:00.0000000Z,0.9342,0.9342,0.9342,0.9342,0
2026-06-25T21:29:00.0000000Z,0.9342,0.9342,0.9342,0.9342,0
2026-06-25T21:30:00.0000000Z,0.9342,0.9342,0.9342,0.9342,0
2026-06-25T21:31:00.0000000Z,0.9342,0.9342,0.9342,0.9342,0
2026-06-25T21:32:00.0000000Z,0.9342,0.9342,0.9342,0.9342,0
2026-06-25T21:33:00.0000000Z,0.9342,0.9342,0.9342,0.9342,0
2026-06-25T21:34:00.0000000Z,0.9342,0.9342,0.9342,0.9342,0
2026-06-25T21:35:00.0000000Z,0.9342,0.9342,0.9342,0.9342,0
2026-06-25T21:36:00.0000000Z,0.9342,0.9342,0.9342,0.9342,0
2026-06-25T21:37:00.0000000Z,0.9342,0.9342,0.9342,0.9342,0
2026-06-25T21:38:00.0000000Z,0.9342,0.9342,0.9342,0.9342,0
2026-06-25T21:39:00.0000000Z,0.9342,0.9342,0.9342,0.9342,0
2026-06-25T21:40:00.0000000Z,0.9342,0.9342,0.9342,0.9342,0
2026-06-25T21:41:00.0000000Z,0.9342,0.9342,0.9342,0.9342,0
2026-06-25T21:42:00.0000000Z,0.9342,0.9342,0.9342,0.9342,0
2026-06-25T21:43:00.0000000Z,0.9342,0.9342,0.9342,0.9342,0
2026-06-25T21:44:00.0000000Z,0.9342,0.9342,0.9342,0.9342,0
2026-06-25T21:45:00.0000000Z,0.9342,0.9342,0.9342,0.9342,0
2026-06-25T21:46:00.0000000Z,0.9342,0.9342,0.9342,0.9342,0
2026-06-25T21:47:00.0000000Z,0.9342,0.9342,0.9342,0.9342,0
2026-06-25T21:48:00.0000000Z,0.9342,0.9342,0.9342,0.9342,0
2026-06-25T21:49:00.0000000Z,0.9342,0.9342,0.9342,0.9342,0
2026-06-25T21:50:00.0000000Z,0.9342,0.9342,0.9342,0.9342,0
2026-06-25T21:51:00.0000000Z,0.9342,0.9342,0.9342,0.9342,0
2026-06-25T21:52:00.0000000Z,0.9342,0.9342,0.9342,0.9342,0
2026-06-25T21:53:00.0000000Z,0.9342,0.9342,0.9342,0.9342,0
2026-06-25T21:54:00.0000000Z,0.9342,0.9342,0.9342,0.9342,0
2026-06-25T21:55:00.0000000Z,0.9342,0.9342,0.9342,0.9342,0
2026-06-25T21:56:00.0000000Z,0.9342,0.9342,0.9342,0.9342,0
2026-06-25T21:57:00.0000000Z,0.9342,0.9342,0.9342,0.9342,0
2026-06-25T21:58:00.0000000Z,0.9342,0.9342,0.9342,0.9342,0
2026-06-25T21:59:00.0000000Z,0.9342,0.9342,0.9342,0.9342,0
2026-06-26T19:19:00.0000000Z,0.8975,0.8975,0.8975,0.8975,2
2026-06-26T19:20:00.0000000Z,0.8975,0.8975,0.8975,0.8975,0
2026-06-26T19:21:00.0000000Z,0.8975,0.8975,0.8975,0.8975,0
2026-06-26T19:22:00.0000000Z,0.8975,0.8975,0.8975,0.8975,0
2026-06-26T19:23:00.0000000Z,0.8975,0.8975,0.8975,0.8975,0
2026-06-26T19:24:00.0000000Z,0.8975,0.8975,0.8975,0.8975,0
2026-06-26T19:25:00.0000000Z,0.8975,0.8975,0.8975,0.8975,0
2026-06-26T19:26:00.0000000Z,0.8975,0.8975,0.8975,0.8975,0
2026-06-26T19:27:00.0000000Z,0.8975,0.8975,0.8975,0.8975,0
2026-06-26T19:28:00.0000000Z,0.8975,0.8975,0.8975,0.8975,0
2026-06-26T19:29:00.0000000Z,0.8975,0.8975,0.8975,0.8975,0
2026-06-26T19:30:00.0000000Z,0.8975,0.8975,0.8975,0.8975,0
2026-06-26T19:31:00.0000000Z,0.8975,0.8975,0.8975,0.8975,0
2026-06-26T19:32:00.0000000Z,0.8975,0.8975,0.8975,0.8975,0
2026-06-26T19:33:00.0000000Z,0.8975,0.8975,0.8975,0.8975,0
2026-06-26T19:34:00.0000000Z,0.8975,0.8975,0.8975,0.8975,0
2026-06-26T19:35:00.0000000Z,0.8975,0.8975,0.8975,0.8975,0
2026-06-26T19:36:00.0000000Z,0.8975,0.8975,0.8975,0.8975,0
2026-06-26T19:37:00.0000000Z,0.8975,0.8975,0.8975,0.8975,0
2026-06-26T19:38:00.0000000Z,0.8975,0.8975,0.8975,0.8975,0
2026-06-26T19:39:00.0000000Z,0.8975,0.8975,0.8975,0.8975,0
2026-06-26T19:40:00.0000000Z,0.8975,0.8975,0.8975,0.8975,0
2026-06-26T19:41:00.0000000Z,0.8975,0.8975,0.8975,0.8975,0
2026-06-26T19:42:00.0000000Z,0.8975,0.8975,0.8975,0.8975,0
2026-06-26T19:43:00.0000000Z,0.8975,0.8975,0.8975,0.8975,0
2026-06-26T19:44:00.0000000Z,0.8975,0.8975,0.8975,0.8975,0
2026-06-26T19:45:00.0000000Z,0.8975,0.8975,0.8975,0.8975,0
2026-06-26T19:46:00.0000000Z,0.8975,0.8975,0.8975,0.8975,0
2026-06-26T19:47:00.0000000Z,0.8975,0.8975,0.8975,0.8975,0
2026-06-26T19:48:00.0000000Z,0.8975,0.8975,0.8975,0.8975,0
2026-06-26T19:49:00.0000000Z,0.8975,0.8975,0.8975,0.8975,0
2026-06-26T19:50:00.0000000Z,0.8975,0.8975,0.8975,0.8975,0
2026-06-26T19:51:00.0000000Z,0.8975,0.8975,0.8975,0.8975,0
2026-06-26T19:52:00.0000000Z,0.8975,0.8975,0.8975,0.8975,0
2026-06-26T19:53:00.0000000Z,0.8975,0.8975,0.8975,0.8975,0
2026-06-26T19:54:00.0000000Z,0.8975,0.8975,0.8975,0.8975,0
2026-06-26T19:55:00.0000000Z,0.8975,0.8975,0.8975,0.8975,0
2026-06-26T19:56:00.0000000Z,0.8975,0.8975,0.8975,0.8975,0
2026-06-26T19:57:00.0000000Z,0.8975,0.8975,0.8975,0.8975,0
2026-06-26T19:58:00.0000000Z,0.8975,0.8975,0.8975,0.8975,0
2026-06-26T19:59:00.0000000Z,0.8975,0.8975,0.8975,0.8975,0
2026-06-26T20:00:00.0000000Z,0.8975,0.8975,0.8975,0.8975,0
2026-06-26T20:01:00.0000000Z,0.8975,0.8975,0.8975,0.8975,0
2026-06-26T20:02:00.0000000Z,0.8975,0.8975,0.8975,0.8975,0
2026-06-26T20:03:00.0000000Z,0.8975,0.8975,0.8975,0.8975,0
2026-06-26T20:04:00.0000000Z,0.8975,0.8975,0.8975,0.8975,0
2026-06-26T20:05:00.0000000Z,0.8975,0.8975,0.8975,0.8975,0
2026-06-26T20:06:00.0000000Z,0.8975,0.8975,0.8975,0.8975,0
2026-06-26T20:07:00.0000000Z,0.8975,0.8975,0.8975,0.8975,0
2026-06-26T20:08:00.0000000Z,0.8975,0.8975,0.8975,0.8975,0
2026-06-26T20:09:00.0000000Z,0.8975,0.8975,0.8975,0.8975,0
2026-06-26T20:10:00.0000000Z,0.8975,0.8975,0.8975,0.8975,0
2026-06-26T20:11:00.0000000Z,0.8975,0.8975,0.8975,0.8975,0
2026-06-26T20:12:00.0000000Z,0.8975,0.8975,0.8975,0.8975,0
2026-06-26T20:13:00.0000000Z,0.8975,0.8975,0.8975,0.8975,0
2026-06-26T20:14:00.0000000Z,0.8975,0.8975,0.8975,0.8975,0
2026-06-26T20:15:00.0000000Z,0.8975,0.8975,0.8975,0.8975,0
2026-06-26T20:16:00.0000000Z,0.8975,0.8975,0.8975,0.8975,0
2026-06-26T20:17:00.0000000Z,0.8975,0.8975,0.8975,0.8975,0
2026-06-26T20:18:00.0000000Z,0.8975,0.8975,0.8975,0.8975,0
2026-06-26T20:19:00.0000000Z,0.8975,0.8975,0.8975,0.8975,0
2026-06-26T20:20:00.0000000Z,0.8975,0.8975,0.8975,0.8975,0
2026-06-26T20:21:00.0000000Z,0.8975,0.8975,0.8975,0.8975,0
2026-06-26T20:22:00.0000000Z,0.8975,0.8975,0.8975,0.8975,0
2026-06-26T20:23:00.0000000Z,0.8975,0.8975,0.8975,0.8975,0
2026-06-26T20:24:00.0000000Z,0.8975,0.8975,0.8975,0.8975,0
2026-06-26T20:25:00.0000000Z,0.8975,0.8975,0.8975,0.8975,0
2026-06-26T20:26:00.0000000Z,0.8975,0.8975,0.8975,0.8975,0
2026-06-26T20:27:00.0000000Z,0.8975,0.8975,0.8975,0.8975,0
2026-06-26T20:28:00.0000000Z,0.8975,0.8975,0.8975,0.8975,0
2026-06-26T20:29:00.0000000Z,0.8975,0.8975,0.8975,0.8975,0
2026-06-26T20:30:00.0000000Z,0.8975,0.8975,0.8975,0.8975,0
2026-06-26T20:31:00.0000000Z,0.8975,0.8975,0.8975,0.8975,0
2026-06-26T20:32:00.0000000Z,0.8975,0.8975,0.8975,0.8975,0
2026-06-26T20:33:00.0000000Z,0.8975,0.8975,0.8975,0.8975,0
2026-06-26T20:34:00.0000000Z,0.8975,0.8975,0.8975,0.8975,0
2026-06-26T20:35:00.0000000Z,0.8975,0.8975,0.8975,0.8975,0
2026-06-26T20:36:00.0000000Z,0.8975,0.8975,0.8975,0.8975,0
2026-06-26T20:37:00.0000000Z,0.8975,0.8975,0.8975,0.8975,0
2026-06-26T20:38:00.0000000Z,0.8975,0.8975,0.8975,0.8975,0
2026-06-26T20:39:00.0000000Z,0.8975,0.8975,0.8975,0.8975,0
2026-06-26T20:40:00.0000000Z,0.8975,0.8975,0.8975,0.8975,0
2026-06-26T20:41:00.0000000Z,0.8975,0.8975,0.8975,0.8975,0
2026-06-26T20:42:00.0000000Z,0.8975,0.8975,0.8975,0.8975,0
2026-06-26T20:43:00.0000000Z,0.8975,0.8975,0.8975,0.8975,0
2026-06-26T20:44:00.0000000Z,0.8975,0.8975,0.8975,0.8975,0
2026-06-26T20:45:00.0000000Z,0.8975,0.8975,0.8975,0.8975,0
2026-06-26T20:46:00.0000000Z,0.8975,0.8975,0.8975,0.8975,0
2026-06-26T20:47:00.0000000Z,0.8975,0.8975,0.8975,0.8975,0
2026-06-26T20:48:00.0000000Z,0.8975,0.8975,0.8975,0.8975,0
2026-06-26T20:49:00.0000000Z,0.8975,0.8975,0.8975,0.8975,0
2026-06-26T20:50:00.0000000Z,0.8975,0.8975,0.8975,0.8975,0
2026-06-26T20:51:00.0000000Z,0.8975,0.8975,0.8975,0.8975,0
2026-06-26T20:52:00.0000000Z,0.8975,0.8975,0.8975,0.8975,0
2026-06-26T20:53:00.0000000Z,0.8975,0.8975,0.8975,0.8975,0
2026-06-26T20:54:00.0000000Z,0.8975,0.8975,0.8975,0.8975,0
2026-06-26T20:55:00.0000000Z,0.8975,0.8975,0.8975,0.8975,0
2026-06-26T20:56:00.0000000Z,0.8975,0.8975,0.8975,0.8975,0
2026-06-26T20:57:00.0000000Z,0.8975,0.8975,0.8975,0.8975,0
2026-06-26T20:58:00.0000000Z,0.8975,0.8975,0.8975,0.8975,0
2026-06-26T20:59:00.0000000Z,0.8975,0.8975,0.8975,0.8975,0
2026-06-26T21:00:00.0000000Z,0.8975,0.8975,0.8975,0.8975,0
2026-06-26T21:01:00.0000000Z,0.8975,0.8975,0.8975,0.8975,0
2026-06-26T21:02:00.0000000Z,0.8975,0.8975,0.8975,0.8975,0
2026-06-26T21:03:00.0000000Z,0.8975,0.8975,0.8975,0.8975,0
2026-06-26T21:04:00.0000000Z,0.8975,0.8975,0.8975,0.8975,0
2026-06-26T21:05:00.0000000Z,0.8975,0.8975,0.8975,0.8975,0
2026-06-26T21:06:00.0000000Z,0.8975,0.8975,0.8975,0.8975,0
2026-06-26T21:07:00.0000000Z,0.8975,0.8975,0.8975,0.8975,0
2026-06-26T21:08:00.0000000Z,0.8975,0.8975,0.8975,0.8975,0
2026-06-26T21:09:00.0000000Z,0.8975,0.8975,0.8975,0.8975,0
2026-06-26T21:10:00.0000000Z,0.8975,0.8975,0.8975,0.8975,0
2026-06-26T21:11:00.0000000Z,0.8975,0.8975,0.8975,0.8975,0
2026-06-26T21:12:00.0000000Z,0.8975,0.8975,0.8975,0.8975,0
2026-06-26T21:13:00.0000000Z,0.8975,0.8975,0.8975,0.8975,0
2026-06-26T21:14:00.0000000Z,0.8975,0.8975,0.8975,0.8975,0
2026-06-26T21:15:00.0000000Z,0.8975,0.8975,0.8975,0.8975,0
2026-06-26T21:16:00.0000000Z,0.8975,0.8975,0.8975,0.8975,0
2026-06-26T21:17:00.0000000Z,0.8975,0.8975,0.8975,0.8975,0
2026-06-26T21:18:00.0000000Z,0.8975,0.8975,0.8975,0.8975,0
2026-06-26T21:19:00.0000000Z,0.8975,0.8975,0.8975,0.8975,0
2026-06-26T21:20:00.0000000Z,0.8975,0.8975,0.8975,0.8975,0
2026-06-26T21:21:00.0000000Z,0.8975,0.8975,0.8975,0.8975,0
2026-06-26T21:22:00.0000000Z,0.8975,0.8975,0.8975,0.8975,0
2026-06-26T21:23:00.0000000Z,0.8975,0.8975,0.8975,0.8975,0
2026-06-26T21:24:00.0000000Z,0.8975,0.8975,0.8975,0.8975,0
2026-06-26T21:25:00.0000000Z,0.8975,0.8975,0.8975,0.8975,0
2026-06-26T21:26:00.0000000Z,0.8975,0.8975,0.8975,0.8975,0
2026-06-26T21:27:00.0000000Z,0.8975,0.8975,0.8975,0.8975,0
2026-06-26T21:28:00.0000000Z,0.8975,0.8975,0.8975,0.8975,0
2026-06-26T21:29:00.0000000Z,0.8975,0.8975,0.8975,0.8975,0
2026-06-26T21:30:00.0000000Z,0.8975,0.8975,0.8975,0.8975,0
2026-06-26T21:31:00.0000000Z,0.8975,0.8975,0.8975,0.8975,0
2026-06-26T21:32:00.0000000Z,0.8975,0.8975,0.8975,0.8975,0
2026-06-26T21:33:00.0000000Z,0.8975,0.8975,0.8975,0.8975,0
2026-06-26T21:34:00.0000000Z,0.8975,0.8975,0.8975,0.8975,0
2026-06-26T21:35:00.0000000Z,0.8975,0.8975,0.8975,0.8975,0
2026-06-26T21:36:00.0000000Z,0.8975,0.8975,0.8975,0.8975,0
2026-06-26T21:37:00.0000000Z,0.8975,0.8975,0.8975,0.8975,0
2026-06-26T21:38:00.0000000Z,0.8975,0.8975,0.8975,0.8975,0
2026-06-26T21:39:00.0000000Z,0.8975,0.8975,0.8975,0.8975,0
2026-06-26T21:40:00.0000000Z,0.8975,0.8975,0.8975,0.8975,0
2026-06-26T21:41:00.0000000Z,0.8975,0.8975,0.8975,0.8975,0
2026-06-26T21:42:00.0000000Z,0.8975,0.8975,0.8975,0.8975,0
2026-06-26T21:43:00.0000000Z,0.8975,0.8975,0.8975,0.8975,0
2026-06-26T21:44:00.0000000Z,0.8975,0.8975,0.8975,0.8975,0
2026-06-26T21:45:00.0000000Z,0.906,0.906,0.906,0.906,1
2026-06-26T21:46:00.0000000Z,0.906,0.906,0.906,0.906,0
2026-06-26T21:47:00.0000000Z,0.906,0.906,0.906,0.906,0
2026-06-26T21:48:00.0000000Z,0.906,0.906,0.906,0.906,0
2026-06-26T21:49:00.0000000Z,0.906,0.906,0.906,0.906,0
2026-06-26T21:50:00.0000000Z,0.906,0.906,0.906,0.906,0
2026-06-26T21:51:00.0000000Z,0.906,0.906,0.906,0.906,0
2026-06-26T21:52:00.0000000Z,0.906,0.906,0.906,0.906,0
2026-06-26T21:53:00.0000000Z,0.906,0.906,0.906,0.906,0
2026-06-26T21:54:00.0000000Z,0.906,0.906,0.906,0.906,0
2026-06-26T21:55:00.0000000Z,0.906,0.906,0.906,0.906,0
2026-06-26T21:56:00.0000000Z,0.906,0.906,0.906,0.906,0
2026-06-26T21:57:00.0000000Z,0.906,0.906,0.906,0.906,0
2026-06-26T21:58:00.0000000Z,0.906,0.906,0.906,0.906,0
2026-06-26T21:59:00.0000000Z,0.906,0.906,0.906,0.906,0
2026-06-29T15:30:00.0000000Z,0.896,0.93,0.896,0.92,126
2026-06-29T15:31:00.0000000Z,0.92,0.9205,0.92,0.92,16
2026-06-29T15:32:00.0000000Z,0.92,0.92,0.92,0.92,29
2026-06-29T15:33:00.0000000Z,0.9261,0.9261,0.926,0.926,3
2026-06-29T15:34:00.0000000Z,0.923,0.923,0.923,0.923,11
2026-06-29T15:35:00.0000000Z,0.9261,0.95,0.9261,0.94,84
2026-06-29T15:36:00.0000000Z,0.95,0.9685,0.95,0.9501,73
2026-06-29T15:37:00.0000000Z,0.9501,0.9501,0.9501,0.9501,6
2026-06-29T15:38:00.0000000Z,0.95,0.9501,0.95,0.95,9
2026-06-29T15:39:00.0000000Z,0.95,0.9512,0.923,0.9512,13
2026-06-29T15:40:00.0000000Z,0.97,0.97,0.97,0.97,1
2026-06-29T15:41:00.0000000Z,0.95,0.95,0.95,0.95,7
2026-06-29T15:42:00.0000000Z,0.95,0.95,0.95,0.95,0
2026-06-29T15:43:00.0000000Z,0.9469,0.9469,0.9469,0.9469,1
2026-06-29T15:44:00.0000000Z,0.94,0.94,0.9225,0.9225,3
2026-06-29T15:45:00.0000000Z,0.9104,0.9225,0.9104,0.9104,29
2026-06-29T15:46:00.0000000Z,0.92,0.922,0.92,0.922,9
2026-06-29T15:47:00.0000000Z,0.922,0.922,0.922,0.922,0
2026-06-29T15:48:00.0000000Z,0.9111,0.9111,0.9107,0.9107,11
2026-06-29T15:49:00.0000000Z,0.9107,0.9107,0.9107,0.9107,1
2026-06-29T15:50:00.0000000Z,0.9107,0.9107,0.9107,0.9107,0
2026-06-29T15:51:00.0000000Z,0.9111,0.9111,0.9001,0.9001,17
2026-06-29T15:52:00.0000000Z,0.901,0.9299,0.901,0.903,28
2026-06-29T15:53:00.0000000Z,0.93,0.93,0.93,0.93,15
2026-06-29T15:54:00.0000000Z,0.93,0.93,0.93,0.93,0
2026-06-29T15:55:00.0000000Z,0.93,0.93,0.93,0.93,0
2026-06-29T15:56:00.0000000Z,0.93,0.93,0.93,0.93,2
2026-06-29T15:57:00.0000000Z,0.911,0.922,0.911,0.922,3
2026-06-29T15:58:00.0000000Z,0.93,0.93,0.93,0.93,7
2026-06-29T15:59:00.0000000Z,0.915,0.915,0.915,0.915,68
2026-06-29T16:00:00.0000000Z,0.915,0.915,0.915,0.915,0
2026-06-29T16:01:00.0000000Z,0.915,0.915,0.915,0.915,0
2026-06-29T16:02:00.0000000Z,0.915,0.915,0.915,0.915,0
2026-06-29T16:03:00.0000000Z,0.9122,0.9122,0.9122,0.9122,10
2026-06-29T16:04:00.0000000Z,0.9101,0.9122,0.9101,0.9122,20
2026-06-29T16:05:00.0000000Z,0.9101,0.9101,0.91,0.91,34
2026-06-29T16:06:00.0000000Z,0.92,0.92,0.92,0.92,4
2026-06-29T16:07:00.0000000Z,0.91,0.9295,0.91,0.9295,11
2026-06-29T16:08:00.0000000Z,0.9017,0.9017,0.9017,0.9017,3
2026-06-29T16:09:00.0000000Z,0.9017,0.9017,0.9017,0.9017,0
2026-06-29T16:10:00.0000000Z,0.9017,0.9017,0.9017,0.9017,0
2026-06-29T16:11:00.0000000Z,0.9001,0.92,0.9001,0.92,12
2026-06-29T16:12:00.0000000Z,0.9075,0.92,0.896,0.9,12
2026-06-29T16:13:00.0000000Z,0.9,0.9,0.9,0.9,0
2026-06-29T16:14:00.0000000Z,0.9,0.9,0.9,0.9,0
2026-06-29T16:15:00.0000000Z,0.9,0.9,0.9,0.9,0
2026-06-29T16:16:00.0000000Z,0.9,0.9,0.9,0.9,5
2026-06-29T16:17:00.0000000Z,0.9012,0.92,0.9,0.92,43
2026-06-29T16:18:00.0000000Z,0.92,0.92,0.92,0.92,0
2026-06-29T16:19:00.0000000Z,0.92,0.92,0.92,0.92,0
2026-06-29T16:20:00.0000000Z,0.92,0.92,0.92,0.92,0
2026-06-29T16:21:00.0000000Z,0.92,0.92,0.92,0.92,0
2026-06-29T16:22:00.0000000Z,0.92,0.92,0.92,0.92,0
2026-06-29T16:23:00.0000000Z,0.92,0.92,0.92,0.92,0
2026-06-29T16:24:00.0000000Z,0.92,0.92,0.92,0.92,0
2026-06-29T16:25:00.0000000Z,0.9496,0.9591,0.9496,0.9591,31
2026-06-29T16:26:00.0000000Z,0.9591,0.9591,0.9591,0.9591,1
2026-06-29T16:27:00.0000000Z,0.9591,0.9591,0.9591,0.9591,0
2026-06-29T16:28:00.0000000Z,0.9591,0.9591,0.9591,0.9591,0
2026-06-29T16:29:00.0000000Z,0.9673,0.9688,0.92,0.9688,34
2026-06-29T16:30:00.0000000Z,0.9688,0.9688,0.9688,0.9688,0
2026-06-29T16:31:00.0000000Z,0.9587,0.9587,0.9587,0.9587,3
2026-06-29T16:32:00.0000000Z,0.9688,0.9688,0.9688,0.9688,2
2026-06-29T16:33:00.0000000Z,0.9212,0.9679,0.9212,0.9679,22
2026-06-29T16:34:00.0000000Z,0.9441,0.9588,0.9441,0.9441,11
